Initializing Logger    ,,,,,,,,,,
Avg: 10 s/rdg,,,,,,,,,,
Lamp Duty cycle-: 1023,,,,,,,,,,
-3.3,302.3,716.8,0.8,12.7000,0.0,-5017.00978,-07202.83570,236.4,13/08/18,16:43:48
-1.8,302.3,715.0,0.8,12.7000,0.0,-5017.00679,-07202.83865,236.6,13/08/18,16:43:58
2.5,302.2,720.5,0.8,12.7000,0.0,-5017.00749,-07202.84354,236.6,13/08/18,16:44:08
-1.3,302.2,724.4,0.8,12.7000,0.0,-5016.99557,-07202.84215,236.0,13/08/18,16:44:18
-3.3,302.2,718.5,0.8,12.6000,0.0,-5017.00012,-07202.83632,236.2,13/08/18,16:44:28
2,302.2,717.4,0.8,12.7000,0.0,-5017.00057,-07202.83725,236.1,13/08/18,16:44:38
2.2,302.2,717.5,0.8,12.6000,0.0,-5017.01032,-07202.84406,236.2,13/08/18,16:44:48
1.7,302.1,717.5,0.8,12.6000,0.0,-5017.00952,-07202.84038,236.1,13/08/18,16:44:58
-0.7,302.1,715.2,0.8,12.6000,0.0,-5017.01096,-07202.83397,235.3,13/08/18,16:45:08
3.3,302.1,724.2,0.8,12.6000,0.0,-5017.01446,-07202.83222,235.1,13/08/18,16:45:18
0.7,302.1,718.1,0.8,12.6000,0.0,-5017.01280,-07202.81882,235.2,13/08/18,16:45:28
3.1,302.1,717.4,0.8,12.6000,0.0,-5017.01125,-07202.80821,235.7,13/08/18,16:45:38
0.3,302.1,716.8,0.8,12.5000,0.0,-5017.01106,-07202.79954,235.4,13/08/18,16:45:48
3,302.0,718.5,0.8,12.6000,0.0,-5017.01118,-07202.78135,235.1,13/08/18,16:45:58
3,302.0,721.7,0.8,12.5000,0.0,-5017.01368,-07202.79087,235.1,13/08/18,16:46:08
4.7,302.0,722.9,0.8,12.6000,0.0,-5017.01465,-07202.81844,235.4,13/08/18,16:46:18
3.4,302.0,716.5,0.8,12.5000,0.0,-5017.00948,-07202.82667,235.2,13/08/18,16:46:28
4.7,302.0,723.4,0.8,12.6000,0.0,-5017.01197,-07202.83428,234.8,13/08/18,16:46:38
4.4,302.0,723.2,0.8,12.5000,0.0,-5017.01281,-07202.83922,234.9,13/08/18,16:46:48
6.9,301.9,716.5,0.8,12.5000,0.0,-5017.01553,-07202.84099,235.0,13/08/18,16:46:58
2,301.9,715.6,0.8,12.5000,0.0,-5017.01789,-07202.83895,234.6,13/08/18,16:47:08
5.7,301.9,716.6,0.8,12.5000,0.0,-5017.01916,-07202.83966,234.9,13/08/18,16:47:18
2.4,301.9,722.8,0.8,12.5000,0.0,-5017.02106,-07202.83711,234.6,13/08/18,16:47:28
3.6,301.9,724.0,0.8,12.5000,0.0,-5017.02428,-07202.83235,234.9,13/08/18,16:47:38
-1.1,301.9,724.1,0.8,12.4000,0.0,-5017.01842,-07202.82878,234.8,13/08/18,16:47:48
1.5,301.8,723.8,0.8,12.5000,0.0,-5017.01557,-07202.82370,234.7,13/08/18,16:47:58
-1.7,301.8,715.0,0.8,12.4000,0.0,-5017.01340,-07202.82588,234.5,13/08/18,16:48:08
0.4,301.8,715.6,0.8,12.5000,0.0,-5017.01069,-07202.82476,234.4,13/08/18,16:48:18
0.4,301.8,715.8,0.8,12.5000,0.0,-5017.00893,-07202.83057,234.4,13/08/18,16:48:28
1.8,301.8,720.3,0.8,12.5000,0.0,0000.00000,00000.00000,233.9,13/08/18,16:48:38
0.2,301.8,724.4,0.8,12.4000,0.0,-5017.00725,-07202.82887,234.1,13/08/18,16:48:48
3.3,301.8,724.1,0.8,12.5000,0.0,-5017.00671,-07202.82965,234.0,13/08/18,16:48:58
0.7,301.8,716.1,0.8,12.4000,0.0,-5017.01012,-07202.83517,234.0,13/08/18,16:49:08
3.5,301.7,717.6,0.8,12.4000,0.0,-5017.01428,-07202.83984,233.6,13/08/18,16:49:18
-0.3,301.7,716.0,0.8,12.4000,0.0,-5017.01672,-07202.84294,233.9,13/08/18,16:49:28
3,301.7,717.1,0.8,12.4000,0.0,-5017.00985,-07202.84612,233.6,13/08/18,16:49:38
6.2,301.7,722.8,0.8,12.4000,0.0,-5017.01287,-07202.84107,233.7,13/08/18,16:49:48
4,301.3,717.2,0.8,12.4000,0.0,-5017.01573,-07202.83673,233.4,13/08/18,16:49:58
1.7,301.3,723.9,0.8,12.4000,0.0,-5017.01476,-07202.83648,234.0,13/08/18,16:50:08
-0.7,301.6,715.3,0.8,12.4000,0.0,-5017.01636,-07202.83090,233.5,13/08/18,16:50:18
-1.7,301.3,716.7,0.8,12.4000,0.0,-5017.01123,-07202.82845,233.3,13/08/18,16:50:28
1.3,301.6,716.7,0.8,12.4000,0.0,-5017.00527,-07202.83033,233.2,13/08/18,16:50:38
0.6,301.4,723.6,0.8,12.4000,0.0,-5017.00487,-07202.82787,233.4,13/08/18,16:50:48
2,301.3,723.4,0.8,12.4000,0.0,-5017.00350,-07202.83173,233.3,13/08/18,16:50:58
0.1,301.2,717.1,0.8,12.3000,0.0,-5017.00412,-07202.83179,233.1,13/08/18,16:51:08
6.9,301.2,721.4,0.8,12.4000,0.0,-5017.00609,-07202.83002,233.3,13/08/18,16:51:18
3.7,301.2,720.4,0.8,12.3000,0.0,-5017.00603,-07202.82688,233.4,13/08/18,16:51:28
6.3,301.2,719.1,0.8,12.4000,0.0,-5017.00670,-07202.81960,233.3,13/08/18,16:51:38
4,301.2,714.6,0.8,12.3000,0.0,-5016.99638,-07202.81460,233.4,13/08/18,16:51:48
8.1,301.2,714.9,0.8,12.4000,0.0,-5016.97472,-07202.79502,233.1,13/08/18,16:51:58
3.6,301.2,716.9,0.8,12.3000,0.0,-5016.99136,-07202.82338,233.0,13/08/18,16:52:08
8.4,301.1,714.9,0.8,12.4000,0.0,-5016.99272,-07202.82243,233.0,13/08/18,16:52:18
4.4,301.1,715.3,0.8,12.3000,0.0,-5016.98763,-07202.82379,232.9,13/08/18,16:52:28
5.8,301.1,719.8,0.8,12.4000,0.0,-5016.98059,-07202.82425,233.0,13/08/18,16:52:38
4.8,301.1,718.1,0.8,12.3000,0.0,-5016.97539,-07202.82548,233.4,13/08/18,16:52:48
7.3,301.1,716.7,0.8,12.4000,0.0,-5016.99148,-07202.82143,233.0,13/08/18,16:52:58
1.2,301.1,720.2,0.8,12.4000,0.0,-5017.01017,-07202.82695,233.3,13/08/18,16:53:08
3.1,301.0,723.9,0.8,12.4000,0.0,-5017.01783,-07202.82727,233.1,13/08/18,16:53:18
-1.3,301.1,716.0,0.8,12.3000,0.0,-5017.01556,-07202.82648,233.5,13/08/18,16:53:28
1.4,301.0,722.3,0.8,12.4000,0.0,-5017.01427,-07202.81882,233.3,13/08/18,16:53:38
7.8,301.0,724.1,0.8,12.3000,0.0,-5017.01327,-07202.81340,232.8,13/08/18,16:53:48
4.4,301.0,723.5,0.8,12.4000,0.0,-5017.01298,-07202.81395,232.9,13/08/18,16:53:58
2.2,301.0,715.1,0.8,12.3000,0.0,-5017.01309,-07202.81684,233.0,13/08/18,16:54:08
5.1,301.0,719.7,0.8,12.3000,0.0,-5017.01620,-07202.82486,233.0,13/08/18,16:54:18
0.8,301.0,714.4,0.8,12.3000,0.0,-5017.01489,-07202.82997,233.2,13/08/18,16:54:28
3.1,301.0,717.4,0.8,12.3000,0.0,-5017.01549,-07202.83526,233.2,13/08/18,16:54:38
10.4,300.9,720.6,0.8,12.3000,0.0,-5017.01548,-07202.83817,233.4,13/08/18,16:54:48
5.6,300.9,723.5,0.8,12.3000,0.0,-5017.01456,-07202.83890,232.9,13/08/18,16:54:58
2.8,300.9,716.1,0.8,12.3000,0.0,-5017.01318,-07202.84017,233.0,13/08/18,16:55:08
-1.4,300.9,721.6,0.8,12.3000,0.0,-5017.01107,-07202.84405,232.9,13/08/18,16:55:18
1.6,300.9,724.3,0.8,12.3000,0.0,-5017.00657,-07202.84591,232.9,13/08/18,16:55:28
3.3,300.9,723.6,0.8,12.3000,0.0,-5017.00288,-07202.84215,233.0,13/08/18,16:55:38
0.9,300.9,723.9,0.8,12.3000,0.0,-5017.00154,-07202.83874,232.8,13/08/18,16:55:48
3.6,300.8,721.0,0.8,12.3000,0.0,-5016.99969,-07202.83347,232.7,13/08/18,16:55:58
1.7,300.9,721.4,0.8,12.3000,0.0,0000.00000,00000.00000,232.8,13/08/18,16:56:08
-1.5,300.9,721.5,0.8,12.3000,0.0,-5016.99850,-07202.83253,233.0,13/08/18,16:56:18
-1.4,300.8,715.3,0.8,12.3000,0.0,-5016.99785,-07202.83327,232.7,13/08/18,16:56:28
2,300.8,724.1,0.8,12.3000,0.0,-5017.00429,-07202.83637,232.8,13/08/18,16:56:38
9.1,300.8,718.2,0.8,12.3000,0.0,-5017.00878,-07202.83884,232.4,13/08/18,16:56:48
5.8,300.8,715.1,0.8,12.3000,0.0,-5017.01051,-07202.84133,232.8,13/08/18,16:56:58
4.4,300.8,722.0,0.8,12.3000,0.0,-5017.01410,-07202.84364,232.2,13/08/18,16:57:08
-0.2,300.8,721.0,0.8,12.3000,0.0,-5017.01560,-07202.84691,232.5,13/08/18,16:57:18
2.1,300.8,715.4,0.8,12.3000,0.0,-5017.01843,-07202.84715,232.6,13/08/18,16:57:28
4,300.8,717.4,0.8,12.3000,0.0,-5017.01864,-07202.84561,232.7,13/08/18,16:57:38
-0.3,300.8,717.8,0.8,12.3000,0.0,-5017.01806,-07202.84578,232.9,13/08/18,16:57:48
1.7,300.7,715.0,0.8,12.3000,0.0,-5017.01871,-07202.84731,232.6,13/08/18,16:57:58
-1.5,300.7,715.7,0.8,12.3000,0.0,-5017.01817,-07202.84720,232.6,13/08/18,16:58:08
1.4,300.7,720.1,0.8,12.3000,0.0,-5017.01649,-07202.84487,232.5,13/08/18,16:58:18
-2.2,300.7,720.9,0.8,12.3000,0.0,-5017.01113,-07202.84061,233.0,13/08/18,16:58:28
1.9,300.7,720.0,0.8,12.3000,0.0,-5017.00257,-07202.83638,232.8,13/08/18,16:58:38
0.9,300.7,723.4,0.8,12.3000,0.0,-5017.00504,-07202.84070,232.8,13/08/18,16:58:48
5.9,300.7,718.6,0.8,12.3000,0.0,-5017.00929,-07202.84529,232.8,13/08/18,16:58:58
5.2,300.7,717.3,0.8,12.3000,0.0,-5017.00505,-07202.84051,232.9,13/08/18,16:59:08
10.6,300.7,717.7,0.8,12.3000,0.0,-5017.00505,-07202.84051,233.1,13/08/18,16:59:18
9.3,300.7,718.3,0.8,12.2000,0.0,-5017.00457,-07202.83353,232.9,13/08/18,16:59:28
7.5,300.7,722.5,0.8,12.2000,0.0,-5017.00945,-07202.83551,233.0,13/08/18,16:59:38
8.5,300.6,715.5,0.8,12.2000,0.0,-5017.00018,-07202.82787,232.6,13/08/18,16:59:48
0.2,300.6,720.3,0.8,12.2000,0.0,-5016.99666,-07202.82174,232.7,13/08/18,16:59:58
-2.5,300.6,715.0,0.8,12.2000,0.0,-5016.99298,-07202.82137,232.9,13/08/18,17:00:08
-1.4,300.6,717.2,0.8,12.2000,0.0,-5016.99365,-07202.80573,232.9,13/08/18,17:00:18
-4.9,300.7,720.3,0.8,12.2000,0.0,-5016.98881,-07202.80957,232.3,13/08/18,17:00:28
-3.5,300.6,719.8,0.8,12.2000,0.0,-5016.98759,-07202.81535,232.4,13/08/18,17:00:38
2.1,300.6,716.8,0.8,12.2000,0.0,-5016.98433,-07202.81963,233.0,13/08/18,17:00:48
-0.9,300.6,716.7,0.8,12.2000,0.0,-5016.98379,-07202.82055,232.9,13/08/18,17:00:58
3.7,300.6,715.8,0.8,12.2000,0.0,-5016.98131,-07202.81255,233.0,13/08/18,17:01:08
5.2,300.6,725.3,0.8,12.2000,0.0,-5016.98587,-07202.81396,232.7,13/08/18,17:01:18
1.6,300.6,718.7,0.8,12.2000,0.0,-5016.99263,-07202.82080,233.1,13/08/18,17:01:28
-0.2,300.6,719.7,0.8,12.2000,0.0,-5016.99295,-07202.82485,233.1,13/08/18,17:01:38
3.6,300.6,722.2,0.8,12.2000,0.0,-5016.99632,-07202.82522,232.9,13/08/18,17:01:48
-0.1,300.6,719.9,0.8,12.2000,0.0,-5016.99568,-07202.82501,232.9,13/08/18,17:01:58
4.4,300.6,718.2,0.8,12.2000,0.0,-5016.99279,-07202.82618,233.0,13/08/18,17:02:08
5.7,300.6,724.3,0.8,12.2000,0.0,-5016.99220,-07202.82740,232.8,13/08/18,17:02:18
0.4,300.6,723.9,0.8,12.2000,0.0,-5016.99564,-07202.82160,232.8,13/08/18,17:02:28
1.6,300.6,719.3,0.8,12.2000,0.0,-5016.99726,-07202.82441,233.1,13/08/18,17:02:38
5.5,300.6,723.8,0.8,12.2000,0.0,-5017.00502,-07202.84336,232.6,13/08/18,17:02:48
3.8,300.6,723.0,0.8,12.2000,0.0,-5017.00699,-07202.84631,232.7,13/08/18,17:02:58
7.2,300.6,717.6,0.8,12.2000,0.0,-5017.00831,-07202.84457,232.5,13/08/18,17:03:08
0.4,300.6,716.0,0.8,12.2000,0.0,-5017.00876,-07202.84253,232.4,13/08/18,17:03:18
1.8,300.6,724.5,0.8,12.2000,0.0,-5017.00578,-07202.84166,232.0,13/08/18,17:03:28
-11.5,300.5,724.7,0.8,12.2000,0.0,-5017.00464,-07202.84166,231.9,13/08/18,17:03:38
-4,300.6,715.0,0.8,12.2000,0.0,-5017.00471,-07202.84167,232.4,13/08/18,17:03:48
-8.5,300.6,722.4,0.8,12.2000,0.0,-5017.00456,-07202.84216,232.3,13/08/18,17:03:58
-5.7,300.5,716.4,0.8,12.2000,0.0,-5017.00450,-07202.84175,232.9,13/08/18,17:04:08
-5.6,300.5,715.6,0.8,12.2000,0.0,-5017.00377,-07202.84163,232.4,13/08/18,17:04:18
-4,300.5,718.0,0.8,12.2000,0.0,-5017.00335,-07202.84201,232.5,13/08/18,17:04:28
-6.3,300.5,723.8,0.8,12.2000,0.0,-5017.00330,-07202.84195,232.4,13/08/18,17:04:38
-4.3,300.5,718.8,0.8,12.2000,0.0,-5017.00333,-07202.84198,232.5,13/08/18,17:04:48
-7.8,300.5,723.4,0.8,12.2000,0.0,-5017.00384,-07202.84152,232.7,13/08/18,17:04:58
-3.8,300.5,719.5,0.8,12.2000,0.0,-5017.00421,-07202.84150,232.9,13/08/18,17:05:08
-4.9,300.5,715.9,0.8,12.2000,0.0,-5017.00461,-07202.84164,233.0,13/08/18,17:05:18
-3.1,300.5,715.0,0.8,12.2000,0.0,-5017.00527,-07202.84151,233.0,13/08/18,17:05:28
-4.1,300.5,723.4,0.8,12.2000,0.0,-5017.00555,-07202.84125,232.4,13/08/18,17:05:38
-1.3,300.5,720.4,0.8,12.2000,0.0,-5017.00543,-07202.84176,232.9,13/08/18,17:05:48
-3.2,300.5,720.6,0.8,12.3000,0.0,-5017.00543,-07202.84185,232.9,13/08/18,17:05:58
-3.4,300.5,722.0,0.8,12.3000,0.0,-5017.00461,-07202.84213,233.0,13/08/18,17:06:08
-3.6,300.5,724.4,0.8,12.2000,0.0,-5017.00395,-07202.84197,232.8,13/08/18,17:06:18
-3.3,300.5,715.0,0.8,12.3000,0.0,-5017.00371,-07202.84127,233.0,13/08/18,17:06:28
-1.8,300.5,724.3,0.8,12.2000,0.0,-5017.00373,-07202.84155,232.9,13/08/18,17:06:38
-1.4,300.5,722.7,0.8,12.3000,0.0,-5017.00346,-07202.84110,232.8,13/08/18,17:06:48
-0.6,300.5,724.0,0.8,12.2000,0.0,-5017.00354,-07202.84106,232.4,13/08/18,17:06:58
-0.7,300.5,722.4,0.8,12.3000,0.0,-5017.00414,-07202.84193,233.0,13/08/18,17:07:08
1.4,300.5,720.4,0.8,12.2000,0.0,-5017.00400,-07202.84193,232.9,13/08/18,17:07:18
-1,300.4,723.7,0.8,12.3000,0.0,-5017.00434,-07202.84200,233.4,13/08/18,17:07:28
1.2,300.5,721.8,0.8,12.2000,0.0,-5017.00505,-07202.84242,233.3,13/08/18,17:07:38
1.4,300.4,721.3,0.8,12.3000,0.0,-5017.00521,-07202.84257,233.3,13/08/18,17:07:48
2.6,300.4,718.5,0.8,12.2000,0.0,-5017.00493,-07202.84216,233.1,13/08/18,17:07:58
1.8,300.4,722.1,0.8,12.3000,0.0,-5017.00527,-07202.84214,233.3,13/08/18,17:08:08
2.5,300.4,719.1,0.8,12.2000,0.0,-5017.00459,-07202.84138,232.9,13/08/18,17:08:18
-1.3,300.4,721.0,0.8,12.3000,0.0,-5017.00493,-07202.84144,233.3,13/08/18,17:08:28
0.4,300.4,720.1,0.8,12.2000,0.0,-5017.00428,-07202.84121,233.1,13/08/18,17:08:38
-0.7,300.4,715.2,0.8,12.3000,0.0,-5017.00365,-07202.84158,233.2,13/08/18,17:08:48
-0.6,300.4,721.1,0.8,12.2000,0.0,-5017.00342,-07202.84249,233.2,13/08/18,17:08:58
0.9,300.4,718.8,0.8,12.3000,0.0,-5017.00288,-07202.84268,232.9,13/08/18,17:09:08
4.3,300.4,715.2,0.8,12.2000,0.0,-5017.00201,-07202.84257,233.4,13/08/18,17:09:18
2.2,300.4,722.4,0.8,12.3000,0.0,-5017.00162,-07202.84218,233.6,13/08/18,17:09:28
3.3,300.4,722.8,0.8,12.2000,0.0,-5017.00170,-07202.84229,233.1,13/08/18,17:09:38
1.6,300.4,715.2,0.9,12.3000,0.0,-5017.00415,-07202.84269,233.3,13/08/18,17:09:48
1.5,300.4,718.9,0.9,12.2000,0.0,-5017.00525,-07202.84269,233.6,13/08/18,17:09:58
1.2,300.4,719.3,0.9,12.3000,0.0,-5017.00616,-07202.84271,233.1,13/08/18,17:10:08
1.8,300.4,724.9,0.9,12.2000,0.0,-5017.00603,-07202.84250,233.3,13/08/18,17:10:18
-0.6,300.4,721.4,0.9,12.3000,0.0,-5017.00587,-07202.84199,233.6,13/08/18,17:10:28
0,300.4,715.8,0.9,12.2000,0.0,-5017.00547,-07202.84195,233.4,13/08/18,17:10:38
-1.1,300.4,724.1,0.9,12.3000,0.0,-5017.00592,-07202.84169,233.8,13/08/18,17:10:48
-2.4,300.4,719.5,0.9,12.2000,0.0,-5017.00496,-07202.84069,234.1,13/08/18,17:10:58
-0.1,300.4,723.0,0.9,12.3000,0.0,-5017.00490,-07202.84111,233.4,13/08/18,17:11:08
3.4,300.4,716.0,0.9,12.2000,0.0,-5017.00431,-07202.84165,233.2,13/08/18,17:11:18
4,300.4,715.8,0.9,12.3000,0.0,-5017.00366,-07202.84185,233.7,13/08/18,17:11:28
3.5,300.4,724.0,0.9,12.2000,0.0,-5017.00325,-07202.84216,233.4,13/08/18,17:11:38
2.2,300.4,717.8,0.9,12.3000,0.0,-5017.00321,-07202.84194,233.9,13/08/18,17:11:48
-0.2,300.4,723.9,0.9,12.2000,0.0,-5017.00330,-07202.84200,234.0,13/08/18,17:11:58
-1.7,300.4,717.6,0.9,12.3000,0.0,-5017.00395,-07202.84188,234.0,13/08/18,17:12:08
0,300.4,719.7,0.9,12.2000,0.0,-5017.00485,-07202.84226,234.1,13/08/18,17:12:18
0.9,300.4,717.0,0.9,12.3000,0.0,-5017.00515,-07202.84229,234.7,13/08/18,17:12:28
3.1,300.4,724.3,0.9,12.2000,0.0,-5017.00539,-07202.84220,234.5,13/08/18,17:12:38
3.6,300.4,720.5,0.9,12.3000,0.0,-5017.00561,-07202.84240,234.4,13/08/18,17:12:48
3.7,300.4,722.5,0.9,12.2000,0.0,-5017.00568,-07202.84223,234.5,13/08/18,17:12:58
2.9,300.4,717.7,0.9,12.3000,0.0,-5017.00558,-07202.84190,234.7,13/08/18,17:13:08
4.1,300.4,723.7,0.9,12.2000,0.0,-5017.00541,-07202.84187,234.7,13/08/18,17:13:18
3.3,300.4,723.1,0.9,12.3000,0.0,-5017.00491,-07202.84178,234.5,13/08/18,17:13:28
4.5,300.3,718.1,0.9,12.2000,0.0,-5017.00436,-07202.84176,235.0,13/08/18,17:13:38
2.6,300.4,722.8,0.9,12.2000,0.0,-5017.00351,-07202.84158,235.0,13/08/18,17:13:48
1.8,300.3,724.5,0.9,12.2000,0.0,-5017.00301,-07202.84144,235.1,13/08/18,17:13:58
1.8,300.4,715.1,0.9,12.2000,0.0,-5017.00255,-07202.84198,235.2,13/08/18,17:14:08
2.7,300.3,723.2,0.9,12.2000,0.0,-5017.00256,-07202.84241,235.0,13/08/18,17:14:18
0,300.4,716.8,0.9,12.2000,0.0,-5017.00260,-07202.84245,235.3,13/08/18,17:14:28
1.3,300.3,715.8,0.9,12.2000,0.0,-5017.00317,-07202.84258,235.1,13/08/18,17:14:38
0.6,300.3,722.8,0.9,12.2000,0.0,-5017.00415,-07202.84278,235.2,13/08/18,17:14:48
-0.9,300.3,716.8,0.9,12.2000,0.0,-5017.00463,-07202.84284,235.2,13/08/18,17:14:58
-0.6,300.3,724.6,0.9,12.2000,0.0,-5017.00544,-07202.84324,235.3,13/08/18,17:15:08
0.8,300.3,723.1,0.9,12.2000,0.0,-5017.00524,-07202.84352,235.0,13/08/18,17:15:18
1.1,300.3,721.4,0.9,12.3000,0.0,-5017.00486,-07202.84338,235.2,13/08/18,17:15:28
2.5,300.3,717.2,0.9,12.2000,0.0,-5017.00469,-07202.84321,235.4,13/08/18,17:15:38
1.4,300.3,715.7,0.9,12.3000,0.0,-5017.00455,-07202.84302,235.0,13/08/18,17:15:48
1.1,300.3,719.2,0.9,12.2000,0.0,-5017.00443,-07202.84217,235.2,13/08/18,17:15:58
2.8,300.3,717.4,0.9,12.3000,0.0,-5017.00474,-07202.84210,235.0,13/08/18,17:16:08
2.6,300.3,722.9,0.9,12.2000,0.0,-5017.00377,-07202.84254,235.2,13/08/18,17:16:18
-3.4,300.3,717.3,0.9,12.3000,0.0,-5017.00333,-07202.84220,234.9,13/08/18,17:16:28
0.5,300.3,715.2,0.9,12.2000,0.0,-5017.00239,-07202.84217,235.0,13/08/18,17:16:38
-0.9,300.3,722.1,0.9,12.3000,0.0,-5017.00272,-07202.84253,235.4,13/08/18,17:16:48
-2.3,300.3,725.2,0.9,12.2000,0.0,-5017.00361,-07202.84217,235.3,13/08/18,17:16:58
-0.9,300.3,723.4,0.9,12.3000,0.0,-5017.00379,-07202.84226,235.6,13/08/18,17:17:08
0.6,300.3,724.9,0.9,12.2000,0.0,-5017.00417,-07202.84203,235.5,13/08/18,17:17:18
0.9,300.3,722.4,0.9,12.2000,0.0,-5017.00469,-07202.84189,235.2,13/08/18,17:17:28
2.2,300.3,722.4,0.9,12.2000,0.0,-5017.00455,-07202.84178,235.0,13/08/18,17:17:38
0.8,300.3,715.8,0.9,12.2000,0.0,-5017.00442,-07202.84176,235.6,13/08/18,17:17:48
0.6,300.3,722.5,0.9,12.2000,0.0,-5017.00393,-07202.84252,235.8,13/08/18,17:17:58
1.8,300.3,716.9,0.9,12.2000,0.0,-5017.00341,-07202.84210,235.6,13/08/18,17:18:08
3.9,300.3,721.1,0.9,12.2000,0.0,-5017.00360,-07202.84216,235.3,13/08/18,17:18:18
2.9,300.3,720.6,0.9,12.2000,0.0,-5017.00391,-07202.84303,235.6,13/08/18,17:18:28
4,300.3,722.8,0.9,12.2000,0.0,-5017.00403,-07202.84303,235.4,13/08/18,17:18:38
3,300.3,724.9,0.9,12.2000,0.0,-5017.00376,-07202.84231,235.3,13/08/18,17:18:48
3.2,300.2,723.8,0.9,12.2000,0.0,-5017.00397,-07202.84267,235.1,13/08/18,17:18:58
2.8,300.2,721.5,0.9,12.2000,0.0,-5017.00344,-07202.84258,234.7,13/08/18,17:19:08
3.3,300.3,722.1,0.9,12.2000,0.0,-5017.00368,-07202.84264,235.1,13/08/18,17:19:18
2.8,300.3,721.4,0.9,12.2000,0.0,-5017.00400,-07202.84225,235.2,13/08/18,17:19:28
2.6,300.3,718.8,0.9,12.2000,0.0,-5017.00442,-07202.84270,235.4,13/08/18,17:19:38
-1.2,300.3,723.8,0.9,12.2000,0.0,-5017.00420,-07202.84281,234.7,13/08/18,17:19:48
-1.4,300.2,722.1,0.9,12.2000,0.0,-5017.00394,-07202.84252,234.9,13/08/18,17:19:58
-1.1,300.2,714.0,0.9,12.3000,0.0,-5017.00373,-07202.84218,235.2,13/08/18,17:20:08
-0.7,300.2,718.8,0.9,12.2000,0.0,-5017.00364,-07202.84235,235.0,13/08/18,17:20:18
-1.4,300.2,717.7,0.9,12.3000,0.0,-5017.00308,-07202.84256,235.1,13/08/18,17:20:28
-0.2,300.2,719.6,0.9,12.2000,0.0,-5017.00242,-07202.84302,234.9,13/08/18,17:20:38
-1.9,300.2,722.3,0.9,12.3000,0.0,-5017.00314,-07202.84341,235.2,13/08/18,17:20:48
-2.6,300.2,715.2,0.9,12.2000,0.0,-5017.00192,-07202.84269,235.6,13/08/18,17:20:58
-1.5,300.2,714.6,0.9,12.3000,0.0,-5017.00160,-07202.84258,235.0,13/08/18,17:21:08
-0.8,300.2,724.3,0.9,12.2000,0.0,-5017.00151,-07202.84189,236.2,13/08/18,17:21:18
-0.6,300.2,723.6,0.9,12.3000,0.0,-5017.00233,-07202.84212,235.1,13/08/18,17:21:28
0.1,300.2,720.5,0.9,12.2000,0.0,-5017.00298,-07202.84197,234.8,13/08/18,17:21:38
-1.7,300.2,723.2,0.9,12.2000,0.0,-5017.00333,-07202.84200,235.6,13/08/18,17:21:48
-2.9,300.2,717.1,0.9,12.2000,0.0,-5017.00345,-07202.84243,235.7,13/08/18,17:21:58
-2.2,300.2,723.9,0.9,12.2000,0.0,-5017.00386,-07202.84314,235.3,13/08/18,17:22:08
-1.1,300.2,723.3,0.9,12.2000,0.0,-5017.00342,-07202.84363,235.3,13/08/18,17:22:18
-2.6,300.2,724.8,0.9,12.2000,0.0,-5017.00335,-07202.84358,235.6,13/08/18,17:22:28
-1.2,300.2,720.1,0.9,12.2000,0.0,-5017.00315,-07202.84358,235.0,13/08/18,17:22:38
-3.3,300.2,723.3,0.9,12.2000,0.0,-5017.00161,-07202.84268,235.4,13/08/18,17:22:48
-5.1,300.2,715.7,0.9,12.2000,0.0,-5017.00130,-07202.84209,234.9,13/08/18,17:22:58
-4.8,300.2,716.4,0.9,12.2000,0.0,-5017.00085,-07202.84144,235.6,13/08/18,17:23:08
-4.1,300.2,720.8,0.9,12.2000,0.0,-5017.00152,-07202.84104,235.6,13/08/18,17:23:18
-3.9,300.2,723.3,0.9,12.2000,0.0,-5017.00228,-07202.84131,235.5,13/08/18,17:23:28
-2,300.2,720.2,0.9,12.2000,0.0,-5017.00305,-07202.84208,235.1,13/08/18,17:23:38
-1.8,300.2,722.6,0.9,12.2000,0.0,-5017.00352,-07202.84255,234.8,13/08/18,17:23:48
-2.8,300.2,720.7,0.9,12.2000,0.0,-5017.00311,-07202.84281,234.2,13/08/18,17:23:58
-2.2,300.2,723.5,0.9,12.2000,0.0,-5017.00303,-07202.84273,235.5,13/08/18,17:24:08
-2,300.2,715.6,0.9,12.2000,0.0,-5017.00354,-07202.84296,235.2,13/08/18,17:24:18
-3.9,300.2,718.3,0.9,12.3000,0.0,-5017.00379,-07202.84301,234.9,13/08/18,17:24:28
-3.1,300.2,716.0,0.9,12.2000,0.0,-5017.00379,-07202.84300,235.3,13/08/18,17:24:38
-4.7,300.2,723.8,0.9,12.3000,0.0,-5017.00346,-07202.84311,235.0,13/08/18,17:24:48
-5.1,300.2,715.5,0.9,12.2000,0.0,-5017.00285,-07202.84315,235.2,13/08/18,17:24:58
-3.7,300.2,723.9,0.9,12.3000,0.0,-5017.00181,-07202.84335,235.4,13/08/18,17:25:08
-1.8,300.2,723.1,0.9,12.2000,0.0,-5017.00006,-07202.84263,235.1,13/08/18,17:25:18
-2.8,300.2,722.3,0.9,12.3000,0.0,-5017.00111,-07202.84307,235.2,13/08/18,17:25:28
-1.8,300.2,715.5,0.9,12.2000,0.0,-5017.00250,-07202.84274,236.0,13/08/18,17:25:38
-1.4,300.2,716.1,0.9,12.3000,0.0,-5017.00353,-07202.84262,235.2,13/08/18,17:25:48
-1.2,300.2,716.4,0.9,12.2000,0.0,-5017.00396,-07202.84332,235.2,13/08/18,17:25:58
0.2,300.2,716.3,0.9,12.2000,0.0,-5017.00425,-07202.84312,235.6,13/08/18,17:26:08
1.1,300.2,716.5,0.9,12.2000,0.0,-5017.00443,-07202.84279,235.2,13/08/18,17:26:18
-0.9,300.2,721.5,0.9,12.1000,0.0,-5017.00398,-07202.84259,235.3,13/08/18,17:26:28
-0.5,300.2,719.2,0.9,12.2000,0.0,-5017.00409,-07202.84264,235.2,13/08/18,17:26:38
-1.5,300.2,723.8,0.9,12.2000,0.0,-5017.00364,-07202.84272,234.9,13/08/18,17:26:48
-2.1,300.2,723.5,0.9,12.2000,0.0,-5017.00332,-07202.84222,236.2,13/08/18,17:26:58
-1.1,300.2,717.3,0.9,12.2000,0.0,-5017.00358,-07202.84277,235.8,13/08/18,17:27:08
1,300.2,716.7,0.9,12.2000,0.0,-5017.00348,-07202.84236,235.9,13/08/18,17:27:18
-0.2,300.2,721.6,0.9,12.2000,0.0,-5017.00371,-07202.84244,235.4,13/08/18,17:27:28
-1.8,300.2,716.3,0.9,12.2000,0.0,-5017.00351,-07202.84225,235.9,13/08/18,17:27:38
-4.1,300.2,723.9,0.9,12.2000,0.0,-5017.00361,-07202.84241,236.1,13/08/18,17:27:48
-4.4,300.2,722.3,0.9,12.2000,0.0,-5017.00381,-07202.84264,235.6,13/08/18,17:27:58
-3.3,300.2,724.0,0.9,12.2000,0.0,-5017.00350,-07202.84194,236.6,13/08/18,17:28:08
-2.3,300.2,721.2,0.9,12.1000,0.0,-5017.00350,-07202.84243,236.0,13/08/18,17:28:18
-3.2,300.2,722.7,0.9,12.2000,0.0,-5017.00461,-07202.84310,236.4,13/08/18,17:28:28
-1.4,300.2,717.4,0.9,12.1000,0.0,-5017.00511,-07202.84351,235.6,13/08/18,17:28:38
-2.2,300.2,715.3,0.9,12.2000,0.0,-5017.00463,-07202.84351,235.6,13/08/18,17:28:48
-2,300.2,723.7,0.9,12.1000,0.0,-5017.00399,-07202.84291,236.2,13/08/18,17:28:58
-1.4,300.1,723.7,0.9,12.2000,0.0,-5017.00488,-07202.84317,236.5,13/08/18,17:29:08
-1.3,300.2,722.2,0.9,12.1000,0.0,-5017.00466,-07202.84296,236.1,13/08/18,17:29:18
-3.3,300.1,724.1,0.9,12.2000,0.0,-5017.00427,-07202.84283,236.1,13/08/18,17:29:28
-2.7,300.2,715.0,0.9,12.1000,0.0,-5017.00402,-07202.84259,236.1,13/08/18,17:29:38
-4.4,300.2,718.6,0.9,12.2000,0.0,-5017.00318,-07202.84264,235.2,13/08/18,17:29:48
-4.2,300.2,719.1,0.9,12.1000,0.0,-5017.00386,-07202.84249,236.0,13/08/18,17:29:58
-2.3,300.2,721.0,0.9,12.2000,0.0,-5017.00409,-07202.84283,236.1,13/08/18,17:30:08
0.9,300.2,714.8,0.9,12.1000,0.0,-5017.00369,-07202.84266,236.3,13/08/18,17:30:18
-1.5,300.2,718.6,0.9,12.2000,0.0,-5017.00384,-07202.84269,236.6,13/08/18,17:30:28
-1.4,300.2,714.8,0.9,12.2000,0.0,-5017.00347,-07202.84282,235.7,13/08/18,17:30:38
-3,300.2,714.6,0.9,12.2000,0.0,-5017.00291,-07202.84278,235.3,13/08/18,17:30:48
-3.5,300.2,716.2,0.9,12.2000,0.0,-5017.00299,-07202.84276,235.2,13/08/18,17:30:58
-3.6,300.2,715.1,0.9,12.2000,0.0,-5017.00362,-07202.84247,236.3,13/08/18,17:31:08
-4.1,300.1,718.4,0.9,12.2000,0.0,-5017.00310,-07202.84174,236.1,13/08/18,17:31:18
-5.5,300.1,715.6,0.9,12.2000,0.0,-5017.00310,-07202.84137,236.0,13/08/18,17:31:28
-5.7,300.2,721.2,0.9,12.2000,0.0,-5017.00270,-07202.84140,235.5,13/08/18,17:31:38
-6,300.2,721.2,0.9,12.2000,0.0,-5017.00235,-07202.84176,236.7,13/08/18,17:31:48
-6.6,300.1,721.0,0.9,12.1000,0.0,-5017.00265,-07202.84221,236.1,13/08/18,17:31:58
-3.9,300.2,720.8,0.9,12.2000,0.0,-5017.00230,-07202.84271,234.8,13/08/18,17:32:08
-2.1,300.2,720.6,0.9,12.1000,0.0,-5017.00306,-07202.84316,236.8,13/08/18,17:32:18
-1.9,300.1,721.8,0.9,12.2000,0.0,-5017.00322,-07202.84321,236.7,13/08/18,17:32:28
-1.4,300.2,717.5,0.9,12.1000,0.0,-5017.00338,-07202.84289,235.7,13/08/18,17:32:38
-1.6,300.2,716.4,0.9,12.2000,0.0,-5017.00367,-07202.84283,236.3,13/08/18,17:32:48
-1.8,300.2,716.0,0.9,12.1000,0.0,-5017.00413,-07202.84232,236.6,13/08/18,17:32:58
-0.4,300.2,719.3,0.9,12.2000,0.0,-5017.00443,-07202.84234,235.7,13/08/18,17:33:08
0,300.2,715.5,0.9,12.1000,0.0,-5017.00424,-07202.84250,234.9,13/08/18,17:33:18
0.4,300.2,716.0,0.9,12.2000,0.0,-5017.00429,-07202.84288,236.5,13/08/18,17:33:28
1.2,300.1,721.7,0.9,12.1000,0.0,-5017.00501,-07202.84320,236.9,13/08/18,17:33:38
-0.7,300.2,721.7,0.9,12.2000,0.0,-5017.00493,-07202.84325,236.5,13/08/18,17:33:48
-0.5,300.2,717.4,0.9,12.1000,0.0,-5017.00460,-07202.84339,237.0,13/08/18,17:33:58
-0.1,300.2,716.2,0.9,12.2000,0.0,-5017.00480,-07202.84373,236.3,13/08/18,17:34:08
-0.8,300.2,723.5,0.9,12.1000,0.0,-5017.00479,-07202.84306,236.0,13/08/18,17:34:18
-2.9,300.2,716.6,0.9,12.2000,0.0,-5017.00502,-07202.84292,237.2,13/08/18,17:34:28
-1.8,300.2,714.7,0.9,12.2000,0.0,-5017.00524,-07202.84242,237.5,13/08/18,17:34:38
-4.1,300.2,721.2,0.9,12.2000,0.0,-5017.00463,-07202.84260,236.6,13/08/18,17:34:48
-3.2,300.2,723.3,0.9,12.1000,0.0,-5017.00405,-07202.84268,236.4,13/08/18,17:34:58
-2.5,300.2,719.4,0.9,12.2000,0.0,-5017.00362,-07202.84304,236.5,13/08/18,17:35:08
-1.1,300.2,716.3,0.9,12.1000,0.0,-5017.00327,-07202.84316,236.9,13/08/18,17:35:18
-1.5,300.2,723.6,0.9,12.2000,0.0,-5017.00266,-07202.84304,236.4,13/08/18,17:35:28
-1,300.2,721.1,0.9,12.2000,0.0,-5017.00278,-07202.84290,236.6,13/08/18,17:35:38
-2.9,300.2,714.9,0.9,12.2000,0.0,-5017.00282,-07202.84274,236.1,13/08/18,17:35:48
-2.7,300.2,716.1,0.9,12.2000,0.0,-5017.00299,-07202.84226,237.2,13/08/18,17:35:58
-1.8,300.2,714.9,0.9,12.2000,0.0,-5017.00320,-07202.84184,236.9,13/08/18,17:36:08
-1.1,300.2,719.3,0.9,12.1000,0.0,-5017.00354,-07202.84210,236.6,13/08/18,17:36:18
-0.8,300.1,723.9,0.9,12.2000,0.0,-5017.00339,-07202.84288,236.6,13/08/18,17:36:28
0.6,300.2,718.4,0.9,12.1000,0.0,-5017.00361,-07202.84320,236.6,13/08/18,17:36:38
-1.2,300.2,718.5,0.9,12.2000,0.0,-5017.00371,-07202.84303,236.1,13/08/18,17:36:48
-1.4,300.2,723.6,0.9,12.1000,0.0,-5017.00360,-07202.84269,236.4,13/08/18,17:36:58
-1.1,300.2,718.6,0.9,12.2000,0.0,-5017.00306,-07202.84239,235.6,13/08/18,17:37:08
-0.7,300.2,723.2,0.9,12.1000,0.0,-5017.00279,-07202.84224,235.0,13/08/18,17:37:18
-1.2,300.2,719.4,0.9,12.2000,0.0,-5017.00234,-07202.84226,237.2,13/08/18,17:37:28
0.8,300.2,714.9,0.9,12.1000,0.0,-5017.00243,-07202.84260,236.6,13/08/18,17:37:38
0.4,300.2,721.0,0.9,12.2000,0.0,-5017.00260,-07202.84276,237.3,13/08/18,17:37:48
1.2,300.2,718.7,0.9,12.1000,0.0,-5017.00297,-07202.84284,236.1,13/08/18,17:37:58
2.2,300.2,714.8,0.9,12.2000,0.0,-5017.00350,-07202.84348,236.2,13/08/18,17:38:08
2.9,300.2,723.1,0.9,12.2000,0.0,-5017.00383,-07202.84350,236.0,13/08/18,17:38:18
1.6,300.2,719.6,0.9,12.2000,0.0,-5017.00371,-07202.84420,236.5,13/08/18,17:38:28
1.3,300.2,719.7,0.9,12.2000,0.0,-5017.00380,-07202.84414,236.6,13/08/18,17:38:38
0.1,300.2,721.9,0.9,12.2000,0.0,-5017.00354,-07202.84426,235.4,13/08/18,17:38:48
0.4,300.2,716.9,0.9,12.2000,0.0,-5017.00372,-07202.84405,235.4,13/08/18,17:38:58
0,300.2,720.2,0.9,12.2000,0.0,-5017.00318,-07202.84339,236.1,13/08/18,17:39:08
0,300.2,718.8,0.9,12.2000,0.0,-5017.00308,-07202.84272,235.3,13/08/18,17:39:18
-0.4,300.2,720.0,0.9,12.2000,0.0,-5017.00371,-07202.84272,236.6,13/08/18,17:39:28
-1,300.2,717.0,0.9,12.2000,0.0,-5017.00392,-07202.84315,235.7,13/08/18,17:39:38
-2.2,300.2,723.4,0.9,12.2000,0.0,-5017.00360,-07202.84287,236.7,13/08/18,17:39:48
-2,300.2,715.8,0.9,12.1000,0.0,-5017.00296,-07202.84291,234.5,13/08/18,17:39:58
-1.3,300.2,714.6,0.9,12.2000,0.0,-5017.00324,-07202.84292,236.6,13/08/18,17:40:08
-0.2,300.2,723.4,0.9,12.1000,0.0,-5017.00324,-07202.84263,236.3,13/08/18,17:40:18
-0.3,300.2,723.0,0.9,12.2000,0.0,-5017.00293,-07202.84307,236.6,13/08/18,17:40:28
-0.4,300.2,723.2,0.9,12.1000,0.0,-5017.00338,-07202.84327,235.6,13/08/18,17:40:38
-2.5,300.2,723.5,0.9,12.2000,0.0,-5017.00384,-07202.84363,236.2,13/08/18,17:40:48
-2,300.2,723.5,0.9,12.1000,0.0,-5017.00387,-07202.84360,236.3,13/08/18,17:40:58
-2,300.2,723.1,0.9,12.2000,0.0,-5017.00344,-07202.84335,236.9,13/08/18,17:41:08
-2.2,300.2,722.1,0.9,12.1000,0.0,-5017.00304,-07202.84304,236.1,13/08/18,17:41:18
-3.9,300.2,723.1,0.9,12.2000,0.0,-5017.00272,-07202.84252,236.6,13/08/18,17:41:28
-1.7,300.2,721.0,0.9,12.1000,0.0,-5017.00288,-07202.84291,236.8,13/08/18,17:41:38
-4.1,300.2,720.2,0.9,12.2000,0.0,-5017.00313,-07202.84247,236.8,13/08/18,17:41:48
-5.1,300.2,715.4,0.9,12.2000,0.0,-5017.00368,-07202.84276,235.1,13/08/18,17:41:58
-3.1,300.2,715.9,0.9,12.2000,0.0,-5017.00361,-07202.84275,235.8,13/08/18,17:42:08
-1.4,300.2,723.8,0.9,12.1000,0.0,-5017.00329,-07202.84281,236.4,13/08/18,17:42:18
-1.9,300.2,722.5,0.9,12.2000,0.0,-5017.00264,-07202.84287,234.6,13/08/18,17:42:28
-0.1,300.2,715.2,0.9,12.2000,0.0,-5017.00265,-07202.84287,235.0,13/08/18,17:42:38
0.3,300.2,715.0,0.9,12.2000,0.0,-5017.00262,-07202.84317,236.5,13/08/18,17:42:48
-0.2,300.2,717.9,0.9,12.2000,0.0,-5017.00289,-07202.84354,235.5,13/08/18,17:42:58
0,300.2,719.3,0.9,12.2000,0.0,-5017.00325,-07202.84335,235.7,13/08/18,17:43:08
0,300.2,720.1,0.9,12.1000,0.0,-5017.00364,-07202.84313,234.7,13/08/18,17:43:18
-0.7,300.2,714.7,0.9,12.2000,0.0,-5017.00375,-07202.84299,236.1,13/08/18,17:43:28
-2.3,300.2,715.1,0.9,12.1000,0.0,-5017.00404,-07202.84267,235.1,13/08/18,17:43:38
-3.9,300.2,719.5,0.9,12.2000,0.0,-5017.00387,-07202.84274,236.4,13/08/18,17:43:48
-5,300.2,721.2,0.9,12.1000,0.0,-5017.00379,-07202.84277,233.8,13/08/18,17:43:58
-5.1,300.2,723.6,0.9,12.2000,0.0,-5017.00371,-07202.84325,234.7,13/08/18,17:44:08
-5.1,300.2,722.6,0.9,12.1000,0.0,-5017.00401,-07202.84345,234.6,13/08/18,17:44:18
-4.4,300.2,716.0,0.9,12.2000,0.0,-5017.00407,-07202.84401,233.9,13/08/18,17:44:28
-2.9,300.2,721.8,0.9,12.1000,0.0,-5017.00365,-07202.84319,234.5,13/08/18,17:44:38
-1.9,300.2,714.1,0.9,12.2000,0.0,-5017.00387,-07202.84286,235.0,13/08/18,17:44:48
-1.6,300.2,723.5,0.9,12.1000,0.0,-5017.00389,-07202.84262,235.8,13/08/18,17:44:58
-0.3,300.2,723.6,0.9,12.2000,0.0,-5017.00357,-07202.84229,232.7,13/08/18,17:45:08
-1.1,300.2,716.0,0.9,12.2000,0.0,-5017.00372,-07202.84241,234.3,13/08/18,17:45:18
-3,300.2,713.9,0.9,12.2000,0.0,-5017.00358,-07202.84256,234.2,13/08/18,17:45:28
-3.5,300.2,713.9,0.9,12.2000,0.0,-5017.00343,-07202.84260,234.5,13/08/18,17:45:38
-3.6,300.2,717.0,0.9,12.2000,0.0,-5017.00355,-07202.84225,236.6,13/08/18,17:45:48
1.9,300.2,721.7,0.9,12.2000,0.0,-5017.00348,-07202.84284,235.7,13/08/18,17:45:58
-0.3,300.3,717.1,0.9,12.2000,0.0,-5017.00362,-07202.84285,233.6,13/08/18,17:46:08
0.8,300.2,718.9,0.9,12.2000,0.0,-5017.00322,-07202.84267,233.2,13/08/18,17:46:18
0,300.3,721.5,0.9,12.2000,0.0,-5017.00300,-07202.84263,234.5,13/08/18,17:46:28
-0.3,300.2,719.7,0.9,12.2000,0.0,-5017.00304,-07202.84269,233.6,13/08/18,17:46:38
-1.7,300.3,716.3,0.9,12.2000,0.0,-5017.00301,-07202.84288,234.0,13/08/18,17:46:48
-2.6,300.2,716.0,0.9,12.2000,0.0,-5017.00286,-07202.84277,234.4,13/08/18,17:46:58
-2.7,300.2,715.3,0.9,12.3000,0.0,-5017.00273,-07202.84328,233.7,13/08/18,17:47:08
-1.8,300.3,716.2,0.9,12.2000,0.0,-5017.00246,-07202.84311,233.8,13/08/18,17:47:18
-1.6,300.3,717.4,0.9,12.3000,0.0,-5017.00228,-07202.84323,233.5,13/08/18,17:47:28
0,300.3,723.8,0.9,12.2000,0.0,-5017.00277,-07202.84309,234.2,13/08/18,17:47:38
-0.2,300.3,718.0,0.9,12.3000,0.0,-5017.00322,-07202.84295,234.1,13/08/18,17:47:48
1.8,300.3,720.8,0.9,12.2000,0.0,-5017.00335,-07202.84324,231.8,13/08/18,17:47:58
2.1,300.3,720.1,0.9,12.3000,0.0,-5017.00342,-07202.84290,233.7,13/08/18,17:48:08
2.3,300.3,720.2,0.9,12.1000,0.0,-5017.00361,-07202.84283,234.0,13/08/18,17:48:18
-0.6,300.3,714.3,0.9,12.2000,0.0,-5017.00342,-07202.84296,233.4,13/08/18,17:48:28
1.2,300.3,717.5,0.9,12.1000,0.0,-5017.00304,-07202.84313,232.9,13/08/18,17:48:38
-0.1,300.3,717.3,0.9,12.2000,0.0,-5017.00272,-07202.84303,232.3,13/08/18,17:48:48
-0.5,300.3,716.3,0.9,12.1000,0.0,-5017.00295,-07202.84272,233.5,13/08/18,17:48:58
0.7,300.3,721.6,0.9,12.2000,0.0,-5017.00380,-07202.84281,233.1,13/08/18,17:49:08
1.4,300.3,718.3,0.9,12.2000,0.0,-5017.00407,-07202.84266,233.4,13/08/18,17:49:18
-1.2,300.3,723.7,0.9,12.2000,0.0,-5017.00387,-07202.84260,234.0,13/08/18,17:49:28
-2.2,300.3,723.3,0.9,12.1000,0.0,-5017.00382,-07202.84264,233.3,13/08/18,17:49:38
-2.9,300.3,716.2,0.9,12.1000,0.0,-5017.00376,-07202.84276,233.1,13/08/18,17:49:48
-3.9,300.3,722.5,0.9,12.2000,0.0,-5017.00373,-07202.84269,233.4,13/08/18,17:49:58
-3.5,300.3,717.0,0.9,12.2000,0.0,-5017.00360,-07202.84265,234.5,13/08/18,17:50:08
-3.5,300.3,721.9,0.9,12.2000,0.0,-5017.00341,-07202.84232,232.9,13/08/18,17:50:18
-4.2,300.3,717.7,0.9,12.2000,0.0,-5017.00350,-07202.84263,233.0,13/08/18,17:50:28
-4,300.3,720.4,0.9,12.1000,0.0,-5017.00347,-07202.84192,232.0,13/08/18,17:50:38
-4.9,300.3,720.0,0.9,12.2000,0.0,-5017.00319,-07202.84176,232.5,13/08/18,17:50:48
-4.6,300.3,719.3,0.9,12.1000,0.0,-5017.00310,-07202.84184,232.6,13/08/18,17:50:58
-2.2,300.3,722.3,0.9,12.2000,0.0,-5017.00306,-07202.84214,232.4,13/08/18,17:51:08
-0.2,300.3,722.0,0.9,12.1000,0.0,-5017.00307,-07202.84268,231.5,13/08/18,17:51:18
0.2,300.3,723.4,0.9,12.2000,0.0,-5017.00323,-07202.84316,233.2,13/08/18,17:51:28
0,300.3,723.8,0.9,12.1000,0.0,-5017.00319,-07202.84348,232.4,13/08/18,17:51:38
-0.5,300.3,716.6,0.9,12.2000,0.0,-5017.00350,-07202.84306,233.3,13/08/18,17:51:48
-1,300.3,724.2,0.9,12.1000,0.0,-5017.00362,-07202.84288,233.0,13/08/18,17:51:58
-1.1,300.3,719.3,0.9,12.2000,0.0,-5017.00369,-07202.84240,232.2,13/08/18,17:52:08
-0.7,300.3,716.0,0.9,12.2000,0.0,-5017.00385,-07202.84233,231.5,13/08/18,17:52:18
-0.7,300.3,722.7,0.9,12.2000,0.0,-5017.00389,-07202.84237,232.4,13/08/18,17:52:28
-0.6,300.3,716.1,0.9,12.2000,0.0,-5017.00372,-07202.84247,231.6,13/08/18,17:52:38
-2.3,300.3,723.5,0.9,12.2000,0.0,-5017.00383,-07202.84268,232.3,13/08/18,17:52:48
-2.6,300.3,716.3,0.9,12.2000,0.0,-5017.00361,-07202.84249,233.3,13/08/18,17:52:58
-2.9,300.3,715.6,0.9,12.2000,0.0,-5017.00354,-07202.84215,231.8,13/08/18,17:53:08
-2.9,300.3,720.8,0.9,12.2000,0.0,-5017.00330,-07202.84184,232.8,13/08/18,17:53:18
-2.8,300.3,714.4,0.9,12.2000,0.0,-5017.00367,-07202.84164,231.8,13/08/18,17:53:28
0,300.3,718.5,0.9,12.2000,0.0,-5017.00371,-07202.84184,232.4,13/08/18,17:53:38
0.5,300.3,715.5,0.9,12.2000,0.0,-5017.00383,-07202.84152,231.5,13/08/18,17:53:48
0.9,300.3,721.4,0.9,12.1000,0.0,-5017.00345,-07202.84211,231.9,13/08/18,17:53:58
1.9,300.3,721.1,0.9,12.2000,0.0,-5017.00356,-07202.84219,232.2,13/08/18,17:54:08
2.2,300.3,717.6,0.9,12.1000,0.0,-5017.00315,-07202.84213,231.1,13/08/18,17:54:18
-0.7,300.3,718.1,0.9,12.2000,0.0,-5017.00283,-07202.84217,232.1,13/08/18,17:54:28
-3.1,300.3,720.4,0.9,12.1000,0.0,-5017.00278,-07202.84184,232.0,13/08/18,17:54:38
-4.6,300.3,714.6,0.9,12.2000,0.0,-5017.00298,-07202.84188,231.3,13/08/18,17:54:48
-4.5,300.3,722.7,0.9,12.1000,0.0,-5017.00325,-07202.84212,232.0,13/08/18,17:54:58
-3.9,300.3,719.0,0.9,12.2000,0.0,-5017.00351,-07202.84201,232.2,13/08/18,17:55:08
-4.6,300.3,715.7,0.9,12.1000,0.0,-5017.00378,-07202.84185,231.3,13/08/18,17:55:18
-2.5,300.3,720.6,0.9,12.2000,0.0,-5017.00400,-07202.84141,231.5,13/08/18,17:55:28
-1.1,300.3,719.3,0.9,12.2000,0.0,-5017.00376,-07202.84152,231.8,13/08/18,17:55:38
-2.9,300.3,716.4,0.9,12.2000,0.0,-5017.00377,-07202.84169,231.8,13/08/18,17:55:48
-3.2,300.3,723.8,0.9,12.2000,0.0,-5017.00372,-07202.84188,231.6,13/08/18,17:55:58
-1.3,300.3,718.7,0.9,12.2000,0.0,-5017.00366,-07202.84174,231.8,13/08/18,17:56:08
-0.7,300.3,723.1,0.9,12.2000,0.0,-5017.00364,-07202.84187,232.0,13/08/18,17:56:18
-2.6,300.3,721.9,0.9,12.2000,0.0,-5017.00351,-07202.84201,231.1,13/08/18,17:56:28
-0.7,300.4,718.0,0.9,12.1000,0.0,-5017.00381,-07202.84231,231.4,13/08/18,17:56:38
-0.3,300.4,723.4,0.9,12.2000,0.0,-5017.00399,-07202.84234,231.5,13/08/18,17:56:48
0,300.4,720.8,0.9,12.1000,0.0,-5017.00401,-07202.84228,230.8,13/08/18,17:56:58
1.2,300.3,715.3,0.9,12.2000,0.0,-5017.00379,-07202.84216,231.6,13/08/18,17:57:08
3.9,300.4,720.4,0.9,12.1000,0.0,-5017.00367,-07202.84199,232.1,13/08/18,17:57:18
3.6,300.4,723.9,0.9,12.2000,0.0,-5017.00360,-07202.84168,230.9,13/08/18,17:57:28
3.6,300.4,719.0,0.9,12.1000,0.0,-5017.00353,-07202.84171,231.3,13/08/18,17:57:38
2.6,300.3,719.3,0.9,12.2000,0.0,-5017.00343,-07202.84198,231.4,13/08/18,17:57:48
0,300.4,720.8,0.9,12.1000,0.0,-5017.00335,-07202.84195,231.2,13/08/18,17:57:58
0.1,300.3,716.7,0.9,12.2000,0.0,-5017.00335,-07202.84193,231.1,13/08/18,17:58:08
-0.2,300.4,721.4,0.9,12.1000,0.0,-5017.00322,-07202.84219,231.4,13/08/18,17:58:18
-2.8,300.4,723.6,0.9,12.2000,0.0,-5017.00330,-07202.84217,231.6,13/08/18,17:58:28
-0.9,300.4,719.9,0.9,12.1000,0.0,-5017.00339,-07202.84211,231.7,13/08/18,17:58:38
-1,300.4,718.9,0.9,12.2000,0.0,-5017.00347,-07202.84212,231.3,13/08/18,17:58:48
-1.8,300.4,718.1,0.9,12.2000,0.0,-5017.00353,-07202.84223,230.6,13/08/18,17:58:58
-1.2,300.4,723.4,0.9,12.2000,0.0,-5017.00375,-07202.84194,231.7,13/08/18,17:59:08
0.4,300.4,715.2,0.9,12.2000,0.0,-5017.00355,-07202.84173,230.9,13/08/18,17:59:18
-2.8,300.4,718.4,0.9,12.2000,0.0,-5017.00352,-07202.84141,230.8,13/08/18,17:59:28
-2.1,300.4,717.6,0.9,12.2000,0.0,-5017.00363,-07202.84119,230.9,13/08/18,17:59:38
-2.4,300.4,715.6,0.9,12.2000,0.0,-5017.00351,-07202.84130,230.8,13/08/18,17:59:48
-2.5,300.4,718.3,0.9,12.1000,0.0,-5017.00366,-07202.84156,231.5,13/08/18,17:59:58
-0.9,300.4,717.3,0.9,12.2000,0.0,-5017.00398,-07202.84177,230.8,13/08/18,18:00:08
0.6,300.4,720.0,0.9,12.1000,0.0,-5017.00209,-07202.84184,231.1,13/08/18,18:00:18
0.4,300.4,723.0,0.9,12.2000,0.0,-5016.99913,-07202.84168,231.3,13/08/18,18:00:28
-0.7,300.4,714.9,0.9,12.1000,0.0,-5016.99611,-07202.84224,231.5,13/08/18,18:00:38
0,300.4,720.7,0.9,12.2000,0.0,-5016.99228,-07202.84373,231.1,13/08/18,18:00:48
-0.6,300.4,715.3,0.9,12.1000,0.0,-5016.98680,-07202.84416,231.4,13/08/18,18:00:58
0,300.4,714.7,0.9,12.2000,0.0,-5016.97974,-07202.84482,230.9,13/08/18,18:01:08
0.3,300.4,718.6,0.9,12.1000,0.0,-5016.97112,-07202.84579,231.3,13/08/18,18:01:18
-1.1,300.4,715.0,0.9,12.2000,0.0,-5016.96275,-07202.84672,231.2,13/08/18,18:01:28
-1.8,300.4,714.4,0.9,12.2000,0.0,-5016.95687,-07202.84742,230.2,13/08/18,18:01:38
-3.6,300.4,715.5,0.9,12.2000,0.0,-5016.94879,-07202.84845,230.6,13/08/18,18:01:48
-4,300.4,721.4,0.9,12.2000,0.0,-5016.94406,-07202.84894,231.1,13/08/18,18:01:58
-4,300.4,722.3,0.9,12.2000,0.0,-5016.94044,-07202.85092,231.1,13/08/18,18:02:08
-1.5,300.4,722.5,0.9,12.2000,0.0,-5016.93666,-07202.85793,231.5,13/08/18,18:02:18
-2.1,300.4,723.5,0.9,12.2000,0.0,-5016.93681,-07202.87122,231.4,13/08/18,18:02:28
-0.7,300.4,721.3,0.9,12.2000,0.0,-5016.93714,-07202.87428,231.1,13/08/18,18:02:38
1.9,300.4,717.5,0.9,12.2000,0.0,-5016.93793,-07202.87971,231.5,13/08/18,18:02:48
4.4,300.4,715.2,0.9,12.2000,0.0,-5016.93901,-07202.89034,231.4,13/08/18,18:02:58
5.2,300.4,721.3,0.9,12.2000,0.0,-5016.94001,-07202.90420,231.6,13/08/18,18:03:08
6.9,300.4,721.2,0.9,12.1000,0.0,-5016.94102,-07202.92101,231.0,13/08/18,18:03:18
5.9,300.4,723.4,0.9,12.2000,0.0,-5016.94169,-07202.93535,231.8,13/08/18,18:03:28
2.8,300.4,723.7,0.9,12.1000,0.0,-5016.94254,-07202.95030,231.8,13/08/18,18:03:38
-2,300.4,723.3,0.9,12.2000,0.0,-5016.94369,-07202.96596,232.0,13/08/18,18:03:48
-2.2,300.4,715.6,0.9,12.1000,0.0,-5016.94438,-07202.97427,231.9,13/08/18,18:03:58
-3.6,300.4,714.8,0.9,12.2000,0.0,-5016.94472,-07202.98193,231.8,13/08/18,18:04:08
-2.8,300.4,724.3,0.9,12.1000,0.0,-5016.94531,-07202.99236,232.1,13/08/18,18:04:18
-3.8,300.4,714.5,0.9,12.2000,0.0,-5016.94592,-07203.00178,231.9,13/08/18,18:04:28
-2.1,300.4,723.8,0.9,12.1000,0.0,-5016.94641,-07203.01342,231.9,13/08/18,18:04:38
-2,300.4,719.9,0.9,12.2000,0.0,-5016.94729,-07203.02747,232.5,13/08/18,18:04:48
-1.5,300.4,722.5,0.9,12.2000,0.0,-5016.94821,-07203.03968,232.3,13/08/18,18:04:58
-2.5,300.4,723.2,0.9,12.2000,0.0,-5016.94929,-07203.05345,232.4,13/08/18,18:05:08
-1,300.4,718.6,0.9,12.2000,0.0,-5016.95017,-07203.06851,232.4,13/08/18,18:05:18
-1.3,300.4,716.2,0.9,12.2000,0.0,-5016.95133,-07203.08233,232.7,13/08/18,18:05:28
-1.6,300.4,721.8,0.9,12.2000,0.0,-5016.95215,-07203.09577,232.6,13/08/18,18:05:38
-3.1,300.4,722.6,0.9,12.2000,0.0,-5016.95286,-07203.10932,232.9,13/08/18,18:05:48
-2.1,300.4,722.6,0.9,12.2000,0.0,-5016.95321,-07203.12309,232.9,13/08/18,18:05:58
-2.5,300.4,721.8,0.9,12.2000,0.0,-5016.95432,-07203.13824,232.9,13/08/18,18:06:08
-1.1,300.4,721.9,0.9,12.1000,0.0,-5016.95488,-07203.15303,233.0,13/08/18,18:06:18
-2.1,300.4,719.7,0.9,12.2000,0.0,-5016.95560,-07203.16775,233.6,13/08/18,18:06:28
-1.4,300.4,716.0,0.9,12.1000,0.0,-5016.95594,-07203.18275,233.9,13/08/18,18:06:38
-2.1,300.4,715.3,0.9,12.2000,0.0,-5016.95632,-07203.19842,234.2,13/08/18,18:06:48
-1.2,300.4,716.7,0.9,12.1000,0.0,-5016.95468,-07203.21363,234.4,13/08/18,18:06:58
-1.8,300.4,723.3,0.9,12.2000,0.0,-5016.95024,-07203.22711,234.5,13/08/18,18:07:08
-0.3,300.4,714.7,0.9,12.1000,0.0,-5016.94630,-07203.23397,233.9,13/08/18,18:07:18
-1.8,300.4,714.9,0.9,12.2000,0.0,-5016.94616,-07203.23350,233.7,13/08/18,18:07:28
-1.3,300.4,718.6,0.9,12.1000,0.0,-5016.94526,-07203.23459,233.7,13/08/18,18:07:38
-2.1,300.4,723.9,0.9,12.2000,0.0,-5016.94186,-07203.23800,233.7,13/08/18,18:07:48
-2.1,300.4,721.6,0.9,12.2000,0.0,-5016.93672,-07203.24171,232.9,13/08/18,18:07:58
-2.7,300.4,722.0,0.9,12.2000,0.0,-5016.93585,-07203.24169,233.2,13/08/18,18:08:08
-0.8,300.4,723.0,0.9,12.2000,0.0,-5016.93572,-07203.24184,232.9,13/08/18,18:08:18
-1.5,300.4,723.2,0.9,12.2000,0.0,-5016.93070,-07203.24313,233.4,13/08/18,18:08:28
-1.4,300.4,724.5,0.9,12.2000,0.0,-5016.92091,-07203.24401,233.0,13/08/18,18:08:38
-2.2,300.4,715.4,0.9,12.1000,0.0,-5016.91289,-07203.24438,231.9,13/08/18,18:08:48
-2.7,300.5,721.6,0.9,12.2000,0.0,-5016.90314,-07203.24481,232.1,13/08/18,18:08:58
-1.9,300.4,717.1,0.9,12.2000,0.0,-5016.89523,-07203.24489,232.4,13/08/18,18:09:08
-1.9,300.4,723.3,0.9,12.1000,0.0,-5016.88644,-07203.24572,231.9,13/08/18,18:09:18
-3.1,300.4,716.3,0.9,12.2000,0.0,-5016.87665,-07203.24705,231.7,13/08/18,18:09:28
0,300.5,718.3,0.9,12.1000,0.0,-5016.87133,-07203.24803,230.8,13/08/18,18:09:38
-1.2,300.5,722.6,0.9,12.2000,0.0,-5016.87136,-07203.24812,231.0,13/08/18,18:09:48
-1.8,300.5,714.6,0.9,12.1000,0.0,-5016.87147,-07203.24789,231.3,13/08/18,18:09:58
-2,300.5,714.9,0.9,12.2000,0.0,-5016.87103,-07203.24755,231.4,13/08/18,18:10:08
-0.7,300.5,723.4,0.9,12.1000,0.0,-5016.86433,-07203.24873,232.1,13/08/18,18:10:18
-4.8,300.4,717.4,0.9,12.2000,0.0,-5016.85857,-07203.25004,231.2,13/08/18,18:10:28
-3.3,300.5,719.8,0.9,12.1000,0.0,-5016.84975,-07203.25139,231.8,13/08/18,18:10:38
-3,300.5,719.9,0.9,12.1000,0.0,-5016.84259,-07203.25239,231.8,13/08/18,18:10:48
-3.3,300.5,719.2,0.9,12.2000,0.0,-5016.83636,-07203.25252,231.2,13/08/18,18:10:58
-3.2,300.5,716.0,0.9,12.2000,0.0,-5016.83010,-07203.25085,230.9,13/08/18,18:11:08
4.9,300.5,715.9,0.9,12.2000,0.0,-5016.82223,-07203.24234,230.9,13/08/18,18:11:18
5.5,300.5,716.4,0.9,12.2000,0.0,-5016.81688,-07203.23006,231.6,13/08/18,18:11:28
10.6,300.5,724.5,0.9,12.2000,0.0,-5016.81636,-07203.22852,232.1,13/08/18,18:11:38
15.4,300.5,718.0,0.9,12.2000,0.0,-5016.81613,-07203.22819,231.8,13/08/18,18:11:48
18.3,300.5,714.4,0.9,12.1000,0.0,-5016.81492,-07203.21967,232.0,13/08/18,18:11:58
21.9,300.5,714.4,0.9,12.2000,0.0,-5016.81374,-07203.20803,232.2,13/08/18,18:12:08
21.5,300.5,721.7,0.9,12.1000,0.0,-5016.81277,-07203.19262,231.8,13/08/18,18:12:18
18.6,300.5,724.1,0.9,12.2000,0.0,-5016.81223,-07203.18139,231.9,13/08/18,18:12:28
19.7,300.5,715.2,0.9,12.1000,0.0,-5016.81120,-07203.16385,231.9,13/08/18,18:12:38
20.1,300.5,723.0,0.9,12.2000,0.0,-5016.81016,-07203.14470,231.8,13/08/18,18:12:48
19.6,300.5,714.9,0.9,12.1000,0.0,-5016.80836,-07203.11837,231.6,13/08/18,18:12:58
19.8,300.5,715.7,0.9,12.2000,0.0,-5016.80675,-07203.09210,231.3,13/08/18,18:13:08
23.5,300.5,719.6,1.0,12.1000,0.0,-5016.80544,-07203.06614,231.5,13/08/18,18:13:18
21.4,300.5,716.7,1.0,12.2000,0.0,-5016.80393,-07203.04007,230.8,13/08/18,18:13:28
22.3,300.5,716.1,1.0,12.2000,0.0,-5016.80246,-07203.01425,230.8,13/08/18,18:13:38
20.7,300.5,723.5,1.0,12.2000,0.0,-5016.80084,-07202.98656,230.7,13/08/18,18:13:48
19.5,300.5,722.3,1.0,12.2000,0.0,-5016.79930,-07202.96087,230.7,13/08/18,18:13:58
18.4,300.5,717.5,1.0,12.2000,0.0,-5016.79792,-07202.93470,230.7,13/08/18,18:14:08
18.3,300.5,723.8,1.0,12.2000,0.0,-5016.79615,-07202.90886,230.4,13/08/18,18:14:18
18.1,300.5,723.4,1.0,12.2000,0.0,-5016.79475,-07202.88374,230.5,13/08/18,18:14:28
20.1,300.5,717.4,1.0,12.1000,0.0,-5016.79321,-07202.85858,230.0,13/08/18,18:14:38
21.1,300.5,720.1,1.0,12.2000,0.0,-5016.79145,-07202.83277,230.3,13/08/18,18:14:48
22,300.5,718.2,1.0,12.1000,0.0,-5016.79018,-07202.80942,230.3,13/08/18,18:14:58
23.4,300.5,721.7,1.0,12.2000,0.0,-5016.78821,-07202.77991,229.8,13/08/18,18:15:08
23.5,300.5,717.7,1.0,12.1000,0.0,-5016.78602,-07202.74387,229.1,13/08/18,18:15:18
22,300.5,715.6,1.0,12.2000,0.0,-5016.78408,-07202.71188,229.4,13/08/18,18:15:28
22.4,300.5,723.6,1.0,12.1000,0.0,-5016.78243,-07202.68203,229.4,13/08/18,18:15:38
22.3,300.5,722.3,1.0,12.2000,0.0,-5016.77997,-07202.64400,228.7,13/08/18,18:15:48
20.5,300.5,720.7,1.0,12.1000,0.0,-5016.77773,-07202.60940,228.9,13/08/18,18:15:58
21.2,300.5,716.0,1.0,12.2000,0.0,-5016.77560,-07202.57468,228.3,13/08/18,18:16:08
22,300.5,715.2,1.0,12.2000,0.0,-5016.77362,-07202.53978,228.3,13/08/18,18:16:18
21.3,300.5,721.5,1.0,12.2000,0.0,-5016.77177,-07202.50818,228.5,13/08/18,18:16:28
21.3,300.5,715.5,1.0,12.2000,0.0,-5016.76981,-07202.46908,227.6,13/08/18,18:16:38
21.1,300.5,721.1,1.0,12.2000,0.0,-5016.76792,-07202.43643,228.1,13/08/18,18:16:48
20.1,300.5,724.1,1.0,12.2000,0.0,-5016.76557,-07202.39664,227.2,13/08/18,18:16:58
20.1,300.5,724.9,1.0,12.2000,0.0,-5016.76371,-07202.36514,227.5,13/08/18,18:17:08
21.1,300.5,716.0,1.0,12.2000,0.0,-5016.76172,-07202.32997,227.2,13/08/18,18:17:18
20.8,300.5,722.3,1.0,12.2000,0.0,-5016.75940,-07202.29479,227.1,13/08/18,18:17:28
21.9,300.5,722.5,1.0,12.1000,0.0,-5016.75759,-07202.26671,226.3,13/08/18,18:17:38
18.8,300.5,724.0,1.0,12.2000,0.0,-5016.75493,-07202.22569,226.4,13/08/18,18:17:48
18,300.5,717.1,1.0,12.1000,0.0,-5016.75289,-07202.18901,226.4,13/08/18,18:17:58
18.4,300.5,721.5,1.0,12.2000,0.0,-5016.75168,-07202.16044,226.0,13/08/18,18:18:08
18.2,300.5,715.6,1.0,12.1000,0.0,-5016.75128,-07202.15626,225.8,13/08/18,18:18:18
23.9,300.5,723.3,1.0,12.2000,0.0,-5016.75135,-07202.15619,226.0,13/08/18,18:18:28
25.1,300.5,715.6,1.0,12.1000,0.0,-5016.75168,-07202.15641,225.9,13/08/18,18:18:38
25.6,300.5,720.7,1.0,12.2000,0.0,-5016.75138,-07202.15601,226.0,13/08/18,18:18:48
25.2,300.5,723.6,1.0,12.1000,0.0,-5016.75152,-07202.15631,225.9,13/08/18,18:18:58
26.9,300.5,719.1,1.0,12.1000,0.0,-5016.75175,-07202.15676,225.5,13/08/18,18:19:08
26.1,300.5,718.3,1.0,12.1000,0.0,-5016.75203,-07202.15692,225.6,13/08/18,18:19:18
25.1,300.5,715.7,1.0,12.2000,0.0,-5016.75209,-07202.15686,225.6,13/08/18,18:19:28
24.6,300.5,724.0,1.0,12.1000,0.0,-5016.75238,-07202.15720,225.3,13/08/18,18:19:38
25.4,300.5,723.9,1.0,12.2000,0.0,-5016.75224,-07202.15696,225.3,13/08/18,18:19:48
24.2,300.5,724.4,1.0,12.2000,0.0,-5016.75197,-07202.15688,225.2,13/08/18,18:19:58
25.9,300.5,715.4,1.0,12.2000,0.0,-5016.75209,-07202.15707,224.9,13/08/18,18:20:08
25.7,300.6,718.5,1.0,12.2000,0.0,-5016.75245,-07202.15678,225.2,13/08/18,18:20:18
25,300.5,720.4,1.0,12.2000,0.0,-5016.75226,-07202.15665,225.6,13/08/18,18:20:28
24.4,300.5,724.4,1.0,12.1000,0.0,-5016.75229,-07202.15675,225.5,13/08/18,18:20:38
23.4,300.5,724.1,1.0,12.2000,0.0,-5016.75188,-07202.15647,224.8,13/08/18,18:20:48
22.5,300.6,721.9,1.0,12.1000,0.0,-5016.75174,-07202.15639,224.8,13/08/18,18:20:58
21.1,300.5,723.7,1.0,12.2000,0.0,-5016.75193,-07202.15637,225.2,13/08/18,18:21:08
23.4,300.5,717.0,1.0,12.1000,0.0,-5016.75200,-07202.15660,225.1,13/08/18,18:21:18
23.8,300.6,723.2,1.0,12.2000,0.0,-5016.75212,-07202.15670,224.7,13/08/18,18:21:28
24.9,300.6,721.1,1.0,12.1000,0.0,-5016.75200,-07202.15660,224.9,13/08/18,18:21:38
23.4,300.6,716.3,1.0,12.2000,0.0,-5016.75175,-07202.15673,224.9,13/08/18,18:21:48
23.4,300.6,721.7,1.0,12.1000,0.0,-5016.75199,-07202.15649,224.6,13/08/18,18:21:58
23,300.6,718.5,1.0,12.2000,0.0,-5016.75191,-07202.15635,224.7,13/08/18,18:22:08
23.8,300.6,724.4,1.0,12.1000,0.0,-5016.75140,-07202.15602,224.5,13/08/18,18:22:18
24.1,300.6,722.3,1.0,12.1000,0.0,-5016.75181,-07202.16053,224.6,13/08/18,18:22:28
23.1,300.6,715.7,1.0,12.2000,0.0,-5016.75180,-07202.16054,224.1,13/08/18,18:22:38
23.7,300.6,722.9,1.0,12.2000,0.0,-5016.75196,-07202.16011,224.2,13/08/18,18:22:48
23.9,300.6,721.5,1.0,12.1000,0.0,-5016.75174,-07202.16017,223.9,13/08/18,18:22:58
22.4,300.6,720.9,1.0,12.2000,0.0,-5016.75133,-07202.16011,224.3,13/08/18,18:23:08
22.6,300.6,720.0,1.0,12.2000,0.0,-5016.75149,-07202.16008,224.2,13/08/18,18:23:18
23.4,300.6,716.5,1.0,12.2000,0.0,-5016.75136,-07202.16031,224.3,13/08/18,18:23:28
23.7,300.6,724.7,1.0,12.2000,0.0,-5016.75163,-07202.16045,223.9,13/08/18,18:23:38
23.1,300.6,718.2,1.0,12.2000,0.0,-5016.75175,-07202.16045,223.6,13/08/18,18:23:48
22.7,300.6,715.2,1.0,12.1000,0.0,-5016.75175,-07202.16130,224.0,13/08/18,18:23:58
22.7,300.6,721.6,1.0,12.2000,0.0,-5016.75376,-07202.18530,224.2,13/08/18,18:24:08
23.1,300.6,716.6,1.0,12.1000,0.0,-5016.75946,-07202.27887,225.6,13/08/18,18:24:18
21.8,300.6,713.3,1.0,12.2000,0.0,-5016.77036,-07202.47587,231.3,13/08/18,18:24:28
21.6,300.6,709.5,1.0,12.1000,0.0,-5016.78895,-07202.73836,257.1,13/08/18,18:24:38
22.5,300.6,711.3,1.0,12.2000,0.0,-5016.80858,-07202.97665,320.5,13/08/18,18:24:48
22.2,300.6,706.0,1.0,12.1000,0.0,-5016.83009,-07203.20937,367.4,13/08/18,18:24:58
24.9,300.6,700.6,1.0,12.2000,0.0,-5016.85472,-07203.41784,409.6,13/08/18,18:25:08
26.3,300.6,699.5,1.0,12.1000,0.0,-5016.89178,-07203.65779,460.8,13/08/18,18:25:18
27.8,300.6,693.3,1.0,12.1000,0.0,-5016.93076,-07203.87729,505.2,13/08/18,18:25:28
28,300.6,686.0,1.0,12.2000,0.0,-5016.97551,-07204.09561,545.7,13/08/18,18:25:38
29.3,300.6,687.6,1.0,12.2000,0.0,-5017.02487,-07204.31499,588.4,13/08/18,18:25:48
28.2,300.6,684.8,1.0,12.2000,0.0,-5017.07389,-07204.53188,613.6,13/08/18,18:25:58
30,300.6,679.2,1.0,12.2000,0.0,-5017.12393,-07204.72867,651.7,13/08/18,18:26:08
29,300.6,681.3,1.0,12.2000,0.0,-5017.18937,-07204.97041,691.6,13/08/18,18:26:18
28.1,300.6,672.4,1.0,12.2000,0.0,-5017.26133,-07205.17922,742.3,13/08/18,18:26:28
26.5,300.6,667.1,1.0,12.1000,0.0,-5017.31336,-07205.33589,779.6,13/08/18,18:26:38
27.1,300.6,669.7,1.0,12.2000,0.0,-5017.39820,-07205.54569,817.3,13/08/18,18:26:48
25.6,300.6,666.1,1.0,12.1000,0.0,-5017.49728,-07205.74728,863.5,13/08/18,18:26:58
27.7,300.6,661.2,1.0,12.2000,0.0,-5017.58819,-07205.92478,907.4,13/08/18,18:27:08
28.5,300.6,654.6,1.0,12.1000,0.0,-5017.68380,-07206.08186,942.6,13/08/18,18:27:18
30.3,300.6,656.3,1.0,12.2000,0.0,-5017.79142,-07206.26233,986.5,13/08/18,18:27:28
28.6,300.6,647.6,1.0,12.1000,0.0,-5017.89939,-07206.43659,1031.8,13/08/18,18:27:38
29.9,300.6,642.5,1.0,12.2000,0.0,-5018.00779,-07206.62020,1069.6,13/08/18,18:27:48
26.5,300.6,640.7,1.0,12.1000,0.0,-5018.10443,-07206.81819,1096.9,13/08/18,18:27:58
26.5,300.6,645.0,1.0,12.2000,0.0,-5018.19745,-07207.01717,1138.2,13/08/18,18:28:08
29.3,300.6,642.6,1.0,12.2000,0.0,-5018.28628,-07207.26213,1168.4,13/08/18,18:28:18
27,300.6,640.2,1.0,12.2000,0.0,-5018.35267,-07207.48788,1202.6,13/08/18,18:28:28
25.6,300.6,636.1,1.0,12.2000,0.0,-5018.40836,-07207.68901,1239.0,13/08/18,18:28:38
27.1,300.6,633.3,1.0,12.2000,0.0,-5018.47346,-07207.94611,1268.3,13/08/18,18:28:48
27.7,300.6,630.7,1.0,12.2000,0.0,-5018.52421,-07208.18012,1300.5,13/08/18,18:28:58
27.4,300.6,624.0,1.0,12.2000,0.0,-5018.57144,-07208.42241,1329.8,13/08/18,18:29:08
29.5,300.6,625.5,1.0,12.2000,0.0,-5018.62075,-07208.66300,1362.4,13/08/18,18:29:18
29.5,300.6,619.8,1.0,12.2000,0.0,-5018.66377,-07208.88646,1384.6,13/08/18,18:29:28
29.1,300.6,617.1,1.0,12.1000,0.0,-5018.72085,-07209.12649,1423.3,13/08/18,18:29:38
29.3,300.6,613.3,1.0,12.2000,0.0,-5018.79217,-07209.40053,1452.3,13/08/18,18:29:48
29.4,300.6,616.0,1.0,12.1000,0.0,-5018.84979,-07209.65663,1485.1,13/08/18,18:29:58
27.8,300.6,609.9,1.0,12.2000,0.0,-5018.90008,-07209.91381,1517.2,13/08/18,18:30:08
29.3,300.6,608.6,1.0,12.1000,0.0,-5018.95069,-07210.16911,1557.9,13/08/18,18:30:18
30.2,300.6,608.2,1.0,12.2000,0.0,-5019.00413,-07210.42213,1591.7,13/08/18,18:30:28
28.6,300.6,600.0,1.0,12.1000,0.0,-5019.06599,-07210.67311,1635.9,13/08/18,18:30:38
27.9,300.6,602.5,1.0,12.2000,0.0,-5019.11888,-07210.89684,1684.1,13/08/18,18:30:48
28.9,300.6,591.2,1.0,12.1000,0.0,-5019.16962,-07211.13803,1738.3,13/08/18,18:30:58
28.3,300.6,590.0,1.0,12.1000,0.0,-5019.22403,-07211.40269,1787.4,13/08/18,18:31:08
28.3,300.6,588.3,1.0,12.2000,0.0,-5019.26905,-07211.61062,1850.5,13/08/18,18:31:18
29.9,300.6,586.2,1.0,12.2000,0.0,-5019.32771,-07211.83361,1892.6,13/08/18,18:31:28
28.1,300.6,579.5,1.0,12.2000,0.0,-5019.37867,-07212.00971,1940.2,13/08/18,18:31:38
27.3,300.6,579.8,1.0,12.2000,0.0,-5019.45490,-07212.30031,1991.2,13/08/18,18:31:48
27.4,300.6,567.2,1.0,12.2000,0.0,-5019.51299,-07212.51672,2052.2,13/08/18,18:31:58
29.5,300.6,566.5,1.0,12.2000,0.0,-5019.56873,-07212.71914,2115.7,13/08/18,18:32:08
29.2,300.6,560.5,1.0,12.1000,0.0,-5019.61915,-07212.90539,2173.0,13/08/18,18:32:18
31.5,300.6,556.5,1.0,12.3000,0.0,-5019.66877,-07213.09020,2220.7,13/08/18,18:32:28
32.3,300.6,554.6,1.0,12.1000,0.0,-5019.70901,-07213.24141,2260.3,13/08/18,18:32:38
34,300.6,555.1,1.0,12.2000,0.0,-5019.77193,-07213.45727,2295.9,13/08/18,18:32:48
32.1,300.6,556.0,1.0,12.1000,0.0,-5019.81815,-07213.61583,2325.2,13/08/18,18:32:58
32.7,300.6,554.1,1.0,12.2000,0.0,-5019.86790,-07213.81189,2346.7,13/08/18,18:33:08
33.3,300.6,551.5,1.0,12.2000,0.0,-5019.91875,-07213.98336,2369.0,13/08/18,18:33:18
33.1,300.5,549.3,1.0,12.2000,0.0,-5019.96612,-07214.13806,2396.6,13/08/18,18:33:28
31.5,300.5,542.8,1.0,12.1000,0.0,-5020.01404,-07214.31458,2426.1,13/08/18,18:33:38
30.9,300.5,540.9,1.0,12.2000,0.0,-5020.07050,-07214.50707,2468.6,13/08/18,18:33:48
30.1,300.5,540.3,1.0,12.2000,0.0,-5020.11122,-07214.65056,2512.4,13/08/18,18:33:58
28.5,300.5,534.9,1.0,12.2000,0.0,-5020.16590,-07214.82861,2558.9,13/08/18,18:34:08
29.1,300.5,530.3,1.0,12.1000,0.0,-5020.23531,-07215.02309,2604.7,13/08/18,18:34:18
28.7,300.5,530.9,1.0,12.2000,0.0,-5020.29929,-07215.20744,2655.8,13/08/18,18:34:28
30.1,300.5,527.1,1.0,12.1000,0.0,-5020.36122,-07215.39578,2716.0,13/08/18,18:34:38
28.4,300.5,522.4,1.0,12.2000,0.0,-5020.40333,-07215.56741,2774.8,13/08/18,18:34:48
28.2,300.5,518.3,1.0,12.1000,0.0,-5020.47153,-07215.81020,2821.4,13/08/18,18:34:58
33.2,300.5,514.1,1.0,12.3000,0.0,-5020.53021,-07216.00579,2870.9,13/08/18,18:35:08
31.5,300.5,510.6,1.0,12.2000,0.0,-5020.59637,-07216.22551,2929.4,13/08/18,18:35:18
30.9,300.5,504.7,1.0,12.2000,,-5020.66183,-07216.44947,2984.6,13/08/18,18:35:28
34.1,300.5,501.9,1.0,12.2000,,-5020.72830,-07216.66974,3031.0,13/08/18,18:35:38
37.2,300.5,497.9,1.0,12.2000,,-5020.79579,-07216.91033,3079.3,13/08/18,18:35:48
35.3,300.5,500.7,1.0,12.2000,,-5020.85486,-07217.12443,3126.1,13/08/18,18:35:58
35.6,300.5,498.5,1.0,12.2000,,-5020.90827,-07217.34443,3162.7,13/08/18,18:36:08
37.5,300.5,491.7,1.0,12.2000,,-5020.96709,-07217.55647,3193.7,13/08/18,18:36:18
36.1,300.5,487.8,1.0,12.2000,,-5021.02167,-07217.75931,3229.7,13/08/18,18:36:28
35.5,300.5,485.1,1.0,12.2000,,-5021.06388,-07217.91227,3266.1,13/08/18,18:36:38
36.7,300.5,487.3,1.0,12.2000,,-5021.12669,-07218.12270,3296.7,13/08/18,18:36:48
40.3,300.5,481.1,1.0,12.2000,,-5021.18637,-07218.31113,3328.9,13/08/18,18:36:58
38.4,300.5,481.6,1.0,12.2000,,-5021.25329,-07218.50018,3364.0,13/08/18,18:37:08
36.4,300.5,481.7,1.0,12.2000,,-5021.33034,-07218.70231,3403.7,13/08/18,18:37:18
37.4,300.5,475.6,1.0,12.3000,,-5021.31213,-07218.81789,3431.7,13/08/18,18:37:28
36.8,300.5,483.9,1.0,12.1000,,-5021.24681,-07218.92664,3410.9,13/08/18,18:37:38
34.4,300.4,478.0,1.0,12.3000,,-5021.19003,-07219.07829,3398.8,13/08/18,18:37:48
35.4,300.4,480.1,1.0,12.2000,0.0,-5021.12488,-07219.23585,3384.0,13/08/18,18:37:58
38.3,300.4,485.9,1.0,12.2000,,-5021.09584,-07219.40954,3366.4,13/08/18,18:38:08
38.8,300.4,480.4,1.0,12.1000,0.0,-5021.14285,-07219.60929,3350.4,13/08/18,18:38:18
37.4,300.4,482.3,1.0,12.2000,,-5021.29089,-07219.73986,3339.9,13/08/18,18:38:28
34.3,300.4,485.3,1.0,12.1000,0.0,-5021.50439,-07219.73636,3335.3,13/08/18,18:38:38
34.6,300.4,482.1,0.9,12.2000,0.0,-5021.73643,-07219.56529,3330.5,13/08/18,18:38:48
32.9,300.4,482.9,0.9,12.2000,0.0,-5021.93820,-07219.23173,3330.7,13/08/18,18:38:58
33.3,300.4,485.3,0.9,12.2000,0.0,-5022.05359,-07218.88401,3316.9,13/08/18,18:39:08
34.2,300.4,484.9,0.9,12.2000,0.0,-5022.12473,-07218.21819,3294.8,13/08/18,18:39:18
35,300.4,489.6,0.9,12.2000,0.0,-5022.11077,-07217.68909,3267.9,13/08/18,18:39:28
38,300.4,488.6,0.9,12.2000,0.0,-5022.06719,-07217.15392,3233.2,13/08/18,18:39:38
35.9,300.4,496.2,0.9,12.2000,0.0,-5022.00560,-07216.60734,3195.1,13/08/18,18:39:48
35,300.4,499.0,0.9,12.2000,0.0,-5021.92594,-07216.06439,3157.6,13/08/18,18:39:58
35.4,300.4,499.1,0.9,12.2000,0.0,-5021.82462,-07215.56409,3117.6,13/08/18,18:40:08
35.7,300.4,498.6,0.9,12.2000,0.0,-5021.68707,-07215.23720,3085.7,13/08/18,18:40:18
32.6,300.4,505.3,0.9,12.2000,0.0,-5021.45709,-07214.98776,3068.6,13/08/18,18:40:28
31.4,300.4,506.1,0.9,12.2000,0.0,-5021.28150,-07214.96323,3055.6,13/08/18,18:40:38
31.3,300.4,506.7,0.9,12.3000,0.0,-5021.20368,-07215.06436,3042.7,13/08/18,18:40:48
29.7,300.4,508.9,0.9,12.1000,0.0,-5021.20688,-07215.22765,3000.6,13/08/18,18:40:58
30,300.4,507.5,0.9,12.3000,0.0,-5021.22182,-07215.40747,2958.1,13/08/18,18:41:08
32.3,300.4,507.4,0.9,12.2000,0.0,-5021.22240,-07215.59292,2929.2,13/08/18,18:41:18
33.9,300.4,512.2,0.9,12.2000,0.0,-5021.19925,-07215.74751,2922.0,13/08/18,18:41:28
35.8,300.4,510.2,0.9,12.2000,0.0,-5021.16867,-07215.85958,2926.7,13/08/18,18:41:38
36.7,300.4,509.9,0.9,12.2000,0.0,-5021.15619,-07215.92848,2916.7,13/08/18,18:41:48
37,300.4,517.1,0.9,12.2000,0.0,-5021.15158,-07215.98734,2897.2,13/08/18,18:41:58
34.9,300.3,510.8,0.9,12.1000,0.0,-5021.14677,-07216.04795,2880.8,13/08/18,18:42:08
33.2,300.3,519.5,0.9,12.0000,0.0,-5021.14812,-07216.10966,2855.9,13/08/18,18:42:18
33,300.3,514.7,0.9,12.0000,0.0,-5021.13597,-07216.19017,2833.1,13/08/18,18:42:28
34.1,300.3,521.4,0.9,12.2000,0.0,-5021.10867,-07216.27781,2813.4,13/08/18,18:42:38
31.8,300.3,523.4,0.9,12.2000,0.0,-5021.07467,-07216.36032,2798.6,13/08/18,18:42:48
33,300.3,518.4,0.9,12.2000,0.0,-5021.03287,-07216.44548,2784.5,13/08/18,18:42:58
31.6,300.3,521.4,0.9,12.1000,0.0,-5020.99704,-07216.52044,2764.2,13/08/18,18:43:08
34.8,300.3,520.9,0.9,12.1000,0.0,-5020.97475,-07216.60337,2745.4,13/08/18,18:43:18
30.7,300.3,528.5,0.9,12.2000,0.0,-5020.96121,-07216.69230,2730.1,13/08/18,18:43:28
33.8,300.3,527.4,0.9,12.1000,0.0,-5020.94879,-07216.77098,2718.0,13/08/18,18:43:38
34.1,300.3,524.3,0.9,12.2000,0.0,-5020.93403,-07216.86834,2706.0,13/08/18,18:43:48
32.9,300.3,528.1,0.9,12.2000,0.0,-5020.92255,-07216.95850,2696.9,13/08/18,18:43:58
31.2,300.3,525.0,0.9,12.2000,0.0,-5020.91818,-07217.04119,2689.4,13/08/18,18:44:08
34.6,300.3,528.8,0.9,12.2000,0.0,-5020.91885,-07217.13665,2682.3,13/08/18,18:44:18
33.1,300.3,526.1,0.9,12.2000,0.0,-5020.91783,-07217.20700,2676.2,13/08/18,18:44:28
34.1,300.3,524.5,0.9,12.2000,0.0,-5020.84279,-07217.32546,2675.8,13/08/18,18:44:38
34.8,300.3,527.3,0.9,12.1000,0.0,-5020.67049,-07217.27498,2676.7,13/08/18,18:44:48
25.1,300.3,530.3,0.9,12.3000,0.0,-5020.51360,-07217.04121,2651.5,13/08/18,18:44:58
27.8,300.2,530.4,0.9,12.1000,0.0,-5020.39773,-07216.62131,2628.1,13/08/18,18:45:08
28.2,300.3,536.9,0.9,12.2000,0.0,-5020.32755,-07216.09878,2609.4,13/08/18,18:45:18
34.3,300.3,531.2,0.9,12.1000,0.0,-5020.25475,-07215.62093,2593.0,13/08/18,18:45:28
28.5,300.3,535.8,0.9,12.2000,0.0,-5020.17471,-07215.15884,2583.0,13/08/18,18:45:38
32.2,300.2,538.9,0.9,12.2000,0.0,-5020.08954,-07214.70712,2570.3,13/08/18,18:45:48
37.4,300.2,534.3,0.9,12.2000,0.0,-5020.00587,-07214.26393,2562.8,13/08/18,18:45:58
36,300.3,540.3,0.9,12.2000,0.0,-5019.92363,-07213.82413,2554.0,13/08/18,18:46:08
37,300.2,541.1,0.9,12.1000,0.0,-5019.83456,-07213.37518,2547.3,13/08/18,18:46:18
34.4,300.2,538.2,0.9,12.2000,0.0,-5019.73002,-07212.91348,2535.8,13/08/18,18:46:28
35.7,300.3,533.8,0.9,12.1000,0.0,-5019.61761,-07212.44679,2537.5,13/08/18,18:46:38
34.1,300.2,541.2,0.9,12.2000,0.0,-5019.50361,-07211.98110,2540.5,13/08/18,18:46:48
35.9,300.2,540.3,0.9,12.2000,0.0,-5019.39036,-07211.52199,2543.6,13/08/18,18:46:58
29.2,300.2,537.0,0.9,12.1000,0.0,-5019.27668,-07211.05411,2491.4,13/08/18,18:47:08
33.3,300.2,538.6,0.9,12.2000,0.0,-5019.22273,-07210.58806,2502.4,13/08/18,18:47:18
30.5,300.2,545.5,0.9,12.1000,0.0,-5019.12518,-07210.05594,2455.1,13/08/18,18:47:28
31.1,300.2,544.5,0.9,12.2000,0.0,-5019.06903,-07209.58659,2487.6,13/08/18,18:47:38
29.1,300.2,539.4,0.9,12.2000,0.0,-5019.05734,-07209.20972,2470.0,13/08/18,18:47:48
30.8,300.2,541.1,0.9,12.2000,0.0,-5019.03104,-07208.62402,2459.0,13/08/18,18:47:58
27.7,300.2,547.2,0.9,12.2000,0.0,-5018.98193,-07208.14440,2448.5,13/08/18,18:48:08
32.5,300.2,547.5,0.9,12.2000,0.0,-5018.82908,-07207.76641,2446.2,13/08/18,18:48:18
36.4,300.2,543.0,0.9,12.2000,0.0,-5018.62290,-07207.61885,2441.8,13/08/18,18:48:28
33.5,300.2,545.0,0.9,12.2000,0.0,-5018.47602,-07207.64708,2438.8,13/08/18,18:48:38
30.7,300.2,549.2,0.9,12.2000,0.0,-5018.36640,-07207.73686,2430.6,13/08/18,18:48:48
38.9,300.2,550.7,0.9,12.1000,0.0,-5018.27942,-07207.81816,2410.3,13/08/18,18:48:58
29.8,300.2,549.9,0.9,12.2000,0.0,-5018.16498,-07207.87611,2396.5,13/08/18,18:49:08
35.1,300.2,552.0,0.9,12.1000,0.0,-5018.07155,-07207.93035,2385.0,13/08/18,18:49:18
28.5,300.2,551.4,0.9,12.2000,0.0,-5018.04606,-07208.03348,2371.6,13/08/18,18:49:28
30.9,300.2,549.5,0.9,12.2000,0.0,-5018.11187,-07208.11893,2355.2,13/08/18,18:49:38
28.4,300.2,553.3,0.9,12.2000,0.0,-5018.23956,-07208.14934,2343.7,13/08/18,18:49:48
32.6,300.2,553.8,0.9,12.2000,0.0,-5018.40155,-07208.14150,2330.0,13/08/18,18:49:58
24.4,300.2,555.1,0.9,12.2000,0.0,-5018.55088,-07208.12495,2325.3,13/08/18,18:50:08
32.6,300.2,555.1,0.9,12.2000,0.0,-5018.68523,-07208.12619,2318.7,13/08/18,18:50:18
27.5,300.2,550.6,0.9,12.1000,0.0,-5018.81152,-07208.14330,2309.2,13/08/18,18:50:28
38.3,300.2,558.2,0.9,12.2000,0.0,-5018.92495,-07208.17670,2299.1,13/08/18,18:50:38
30.5,300.2,556.8,0.9,12.2000,0.0,-5019.06506,-07208.22965,2287.4,13/08/18,18:50:48
39.5,300.2,557.4,0.9,12.2000,0.0,-5019.20358,-07208.28628,2260.6,13/08/18,18:50:58
33.7,300.2,559.2,0.9,12.2000,0.0,-5019.31721,-07208.37333,2241.5,13/08/18,18:51:08
40.7,300.2,563.8,0.9,12.2000,0.0,-5019.40244,-07208.53795,2225.4,13/08/18,18:51:18
31.4,300.2,559.4,0.9,12.2000,0.0,-5019.40481,-07208.69711,2213.8,13/08/18,18:51:28
36.9,300.2,558.7,0.9,12.1000,0.0,-5019.30383,-07208.85740,2194.5,13/08/18,18:51:38
32.7,300.2,560.4,0.9,12.2000,0.0,-5019.14531,-07208.92335,2162.2,13/08/18,18:51:48
39.5,300.1,566.7,0.9,12.1000,0.0,-5018.92844,-07209.00066,2117.1,13/08/18,18:51:58
31.5,300.2,572.4,0.9,12.3000,0.0,-5018.71204,-07209.07074,2092.0,13/08/18,18:52:08
38,300.1,567.2,0.9,12.1000,0.0,-5018.53760,-07209.09723,2105.9,13/08/18,18:52:18
30.8,300.1,572.7,0.9,12.2000,0.0,-5018.36681,-07209.09530,2098.6,13/08/18,18:52:28
35.1,300.1,573.7,0.9,12.1000,0.0,-5018.21781,-07209.14242,2088.2,13/08/18,18:52:38
30.7,300.2,574.3,0.9,12.2000,0.0,-5018.16358,-07209.29729,2076.4,13/08/18,18:52:48
35.1,300.2,574.9,0.9,12.1000,0.0,-5018.24917,-07209.43568,2063.1,13/08/18,18:52:58
28.4,300.2,569.3,0.9,12.2000,0.0,-5018.43558,-07209.39797,2030.9,13/08/18,18:53:08
32,300.2,581.6,0.9,12.1000,0.0,-5018.63332,-07209.15532,1995.3,13/08/18,18:53:18
24.1,300.2,586.6,0.9,12.2000,0.0,-5018.78539,-07208.75139,1923.1,13/08/18,18:53:28
26.7,300.1,587.8,0.9,12.2000,0.0,-5018.88535,-07208.44463,1852.8,13/08/18,18:53:38
23.4,300.2,594.1,0.9,12.2000,0.0,-5019.03972,-07208.18506,1790.7,13/08/18,18:53:48
30.6,300.1,599.1,0.9,12.2000,0.0,-5019.30756,-07208.06474,1724.0,13/08/18,18:53:58
25.9,300.2,601.4,0.9,12.2000,0.0,-5019.46597,-07208.17079,1679.3,13/08/18,18:54:08
30.8,300.2,606.5,0.9,12.2000,0.0,-5019.50824,-07208.37231,1583.4,13/08/18,18:54:18
25.8,300.1,611.1,0.9,12.2000,0.0,-5019.41121,-07208.54638,1511.8,13/08/18,18:54:28
30.9,300.2,626.7,0.9,12.1000,0.0,-5019.21806,-07208.54132,1424.9,13/08/18,18:54:38
25.3,300.2,623.6,0.9,12.3000,0.0,-5019.04150,-07208.31150,1384.7,13/08/18,18:54:48
32.2,300.2,633.9,0.9,12.2000,0.0,-5018.91952,-07207.99205,1331.6,13/08/18,18:54:58
27.8,300.2,636.7,0.9,12.0000,0.0,-5018.79689,-07207.68183,1287.9,13/08/18,18:55:08
32.8,300.1,640.9,0.9,12.2000,0.0,-5018.66143,-07207.37533,1219.7,13/08/18,18:55:18
26.8,300.2,646.1,0.9,12.2000,0.0,-5018.53340,-07207.04934,1156.0,13/08/18,18:55:28
30.2,300.2,648.8,0.9,12.2000,0.0,-5018.45548,-07206.70153,1109.0,13/08/18,18:55:38
27.6,300.2,654.8,0.9,12.2000,0.0,-5018.43682,-07206.33936,1048.3,13/08/18,18:55:48
33.4,300.2,655.7,0.9,12.1000,0.0,-5018.45254,-07205.97021,984.3,13/08/18,18:55:58
28.3,300.2,665.9,0.9,12.1000,0.0,-5018.55413,-07205.70683,932.5,13/08/18,18:56:08
34.1,300.2,661.8,0.9,12.1000,0.0,-5018.72772,-07205.66009,884.3,13/08/18,18:56:18
29.4,300.2,669.9,0.9,12.2000,0.0,-5018.80854,-07205.83012,832.8,13/08/18,18:56:28
33.9,300.2,665.7,0.9,12.2000,0.0,-5018.71786,-07206.06559,787.3,13/08/18,18:56:38
28.4,300.2,673.6,0.9,12.2000,0.0,-5018.56809,-07206.27263,740.3,13/08/18,18:56:48
32.8,300.2,674.9,0.9,12.1000,0.0,-5018.36511,-07206.35410,696.3,13/08/18,18:56:58
26.2,300.2,676.4,0.9,12.1000,0.0,-5018.18987,-07206.12165,676.5,13/08/18,18:57:08
31.5,300.2,681.1,0.9,12.1000,0.0,-5018.07053,-07205.75761,653.9,13/08/18,18:57:18
27.8,300.2,686.9,0.9,12.1000,0.0,-5017.96477,-07205.42030,632.2,13/08/18,18:57:28
34.8,300.2,689.0,0.9,12.0000,0.0,-5017.85490,-07205.07932,607.7,13/08/18,18:57:38
30.9,300.2,683.9,0.9,12.2000,0.0,-5017.73172,-07204.74031,586.6,13/08/18,18:57:48
36.7,300.2,693.9,0.9,12.0000,0.0,-5017.61405,-07204.43826,559.8,13/08/18,18:57:58
31.4,300.2,690.3,0.9,12.2000,0.0,-5017.49006,-07204.03952,540.7,13/08/18,18:58:08
35.3,300.2,696.1,0.9,12.1000,0.0,-5017.45687,-07203.68107,535.5,13/08/18,18:58:18
26.7,300.2,696.5,0.9,12.2000,0.0,-5017.43099,-07203.25992,521.5,13/08/18,18:58:28
32.8,300.2,691.2,0.9,12.0000,0.0,-5017.40360,-07202.91365,500.2,13/08/18,18:58:38
28.6,300.2,701.6,0.9,12.2000,0.0,-5017.36362,-07202.56560,483.7,13/08/18,18:58:48
32.8,300.2,694.5,0.9,12.1000,0.0,-5017.27735,-07202.11021,469.5,13/08/18,18:58:58
27.7,300.2,703.8,0.9,12.2000,0.0,-5017.21589,-07201.72274,450.1,13/08/18,18:59:08
34,300.2,702.6,0.9,12.2000,0.0,-5017.07932,-07201.45350,417.9,13/08/18,18:59:18
25.9,300.2,712.7,0.9,12.2000,0.0,-5016.85432,-07201.43342,365.6,13/08/18,18:59:28
27.6,300.3,707.7,0.9,12.2000,0.0,-5016.75334,-07201.59357,328.9,13/08/18,18:59:38
28,300.3,710.2,0.9,12.0000,0.0,-5016.73067,-07201.77417,297.6,13/08/18,18:59:48
33.4,300.2,710.5,0.9,12.2000,0.0,-5016.74166,-07201.99712,272.4,13/08/18,18:59:58
31.2,300.3,714.6,0.9,12.1000,0.0,-5016.75115,-07202.18458,257.5,13/08/18,19:00:08
34.7,300.3,718.2,0.9,12.1000,0.0,-5016.76805,-07202.38640,243.1,13/08/18,19:00:18
28.5,300.3,714.4,0.9,12.2000,0.0,-5016.77821,-07202.59018,225.6,13/08/18,19:00:28
31.5,300.3,721.7,0.9,12.0000,0.0,-5016.78897,-07202.77418,225.2,13/08/18,19:00:38
30.1,300.2,716.0,0.9,12.1000,0.0,-5016.79706,-07202.91161,225.4,13/08/18,19:00:48
31.5,300.3,719.4,0.9,12.0000,0.0,-5016.80642,-07203.05736,225.7,13/08/18,19:00:58
22.9,300.3,720.6,0.9,12.2000,0.0,-5016.81197,-07203.15142,225.0,13/08/18,19:01:08
30.3,300.3,724.7,0.9,12.1000,0.0,-5016.81576,-07203.22386,226.0,13/08/18,19:01:18
23.6,300.3,724.0,0.9,12.2000,0.0,-5016.81891,-07203.26734,226.2,13/08/18,19:01:28
26.3,300.3,717.5,0.9,12.0000,0.0,-5016.81874,-07203.26833,225.9,13/08/18,19:01:38
20.9,300.3,724.4,0.9,12.2000,0.0,-5016.81850,-07203.26830,225.4,13/08/18,19:01:48
29.9,300.3,716.8,0.9,12.1000,0.0,-5016.81840,-07203.26835,225.7,13/08/18,19:01:58
23.1,300.3,722.8,0.9,12.2000,0.0,-5016.81836,-07203.26826,225.7,13/08/18,19:02:08
27.3,300.3,716.6,0.9,12.1000,0.0,-5016.81821,-07203.26826,226.0,13/08/18,19:02:18
25,300.3,716.7,0.9,12.1000,0.0,-5016.81814,-07203.26815,226.0,13/08/18,19:02:28
28.9,300.3,722.4,0.9,12.2000,0.0,-5016.81812,-07203.26807,226.0,13/08/18,19:02:38
26.8,300.3,715.9,0.9,12.1000,0.0,-5016.81813,-07203.26809,225.7,13/08/18,19:02:48
33.4,300.3,723.6,0.9,12.1000,0.0,-5016.81790,-07203.26831,225.7,13/08/18,19:02:58
26.4,300.3,723.3,0.9,12.0000,0.0,-5016.81817,-07203.26822,225.8,13/08/18,19:03:08
35,300.3,724.7,0.9,12.0000,0.0,-5016.81833,-07203.26571,225.9,13/08/18,19:03:18
26.4,300.3,722.7,0.9,12.2000,0.0,-5016.81827,-07203.26562,226.0,13/08/18,19:03:28
24,300.3,717.1,0.9,12.1000,0.0,-5016.81841,-07203.26557,226.0,13/08/18,19:03:38
23.6,300.3,720.8,0.9,12.1000,0.0,-5016.81842,-07203.26562,226.0,13/08/18,19:03:48
29.7,300.3,720.5,0.9,12.1000,0.0,-5016.81837,-07203.26571,226.5,13/08/18,19:03:58
21.1,300.3,716.0,0.9,12.2000,0.0,-5016.81862,-07203.26578,225.9,13/08/18,19:04:08
28.9,300.3,721.6,0.9,12.1000,0.0,-5016.81850,-07203.26503,226.3,13/08/18,19:04:18
24.4,300.3,724.5,0.9,12.2000,0.0,-5016.81957,-07203.26104,226.5,13/08/18,19:04:28
31,300.3,721.9,0.9,12.1000,0.0,-5016.82393,-07203.25633,227.0,13/08/18,19:04:38
29.4,300.3,721.8,0.9,12.2000,0.0,-5016.83247,-07203.25345,227.4,13/08/18,19:04:48
32.7,300.3,725.2,0.9,12.2000,0.0,-5016.84026,-07203.25287,227.0,13/08/18,19:04:58
24.5,300.4,719.2,0.9,12.2000,0.0,-5016.84900,-07203.25178,226.9,13/08/18,19:05:08
32.1,300.3,721.0,0.9,12.2000,0.0,-5016.85799,-07203.25032,227.1,13/08/18,19:05:18
25.8,300.3,716.8,0.9,12.2000,0.0,-5016.86064,-07203.24989,227.3,13/08/18,19:05:28
32.7,300.3,721.4,0.9,12.2000,0.0,-5016.86042,-07203.24999,226.5,13/08/18,19:05:38
27.4,300.3,718.8,0.9,12.2000,0.0,-5016.86032,-07203.25010,226.8,13/08/18,19:05:48
34.8,300.4,716.5,0.9,12.1000,0.0,-5016.86022,-07203.25025,227.6,13/08/18,19:05:58
28.1,300.3,716.7,0.9,12.2000,0.0,-5016.86028,-07203.25034,226.8,13/08/18,19:06:08
33,300.3,724.6,0.9,12.1000,0.0,-5016.86041,-07203.25012,227.3,13/08/18,19:06:18
25.2,300.3,715.6,0.9,12.2000,0.0,-5016.86033,-07203.25030,226.8,13/08/18,19:06:28
26.5,300.4,725.1,0.9,12.1000,0.0,-5016.86026,-07203.25045,228.0,13/08/18,19:06:38
24.9,300.4,719.2,0.9,12.1000,0.0,-5016.86037,-07203.25034,226.5,13/08/18,19:06:48
33.2,300.3,724.9,0.9,12.1000,0.0,-5016.86037,-07203.25041,227.0,13/08/18,19:06:58
24.9,300.4,720.3,0.9,12.2000,0.0,-5016.86038,-07203.25042,227.2,13/08/18,19:07:08
27.3,300.4,716.5,0.9,12.1000,0.0,-5016.86037,-07203.25038,227.6,13/08/18,19:07:18
25.3,300.4,718.3,0.9,12.2000,0.0,-5016.86161,-07203.25005,227.7,13/08/18,19:07:28
27,300.4,724.3,0.9,12.1000,0.0,-5016.86806,-07203.24894,227.5,13/08/18,19:07:38
24.2,300.4,717.3,0.9,12.2000,0.0,-5016.87612,-07203.24789,228.1,13/08/18,19:07:48
32.9,300.4,715.5,0.9,12.2000,0.0,-5016.88494,-07203.24670,228.1,13/08/18,19:07:58
24.9,300.4,721.2,0.9,12.2000,0.0,-5016.89386,-07203.24556,228.4,13/08/18,19:08:08
32.6,300.4,719.9,0.9,12.2000,0.0,-5016.90266,-07203.24444,228.2,13/08/18,19:08:18
25.3,300.4,721.9,0.9,12.2000,0.0,-5016.91167,-07203.24301,229.1,13/08/18,19:08:28
29.4,300.4,722.8,0.9,12.1000,0.0,-5016.91962,-07203.24211,228.7,13/08/18,19:08:38
25.6,300.4,723.1,0.9,12.2000,0.0,-5016.92838,-07203.24091,228.9,13/08/18,19:08:48
33.1,300.4,715.5,0.9,12.1000,0.0,-5016.93722,-07203.23872,229.7,13/08/18,19:08:58
26.8,300.4,718.7,0.9,12.2000,0.0,-5016.94538,-07203.23346,229.0,13/08/18,19:09:08
33.4,300.4,717.3,0.9,12.1000,0.0,-5016.95107,-07203.22294,228.9,13/08/18,19:09:18
25.4,300.4,721.6,0.9,12.2000,0.0,-5016.95448,-07203.21019,229.2,13/08/18,19:09:28
24.4,300.4,723.0,0.9,12.0000,0.0,-5016.95567,-07203.19970,228.7,13/08/18,19:09:38
24.4,300.4,716.3,0.9,12.0000,0.0,-5016.95569,-07203.19968,229.0,13/08/18,19:09:48
29.9,300.4,716.5,0.9,11.9000,0.0,-5016.95551,-07203.19100,229.0,13/08/18,19:09:58
22.3,300.4,722.1,0.9,12.0000,0.0,-5016.95483,-07203.17556,228.6,13/08/18,19:10:08
29.8,300.4,718.7,0.9,12.0000,0.0,-5016.95418,-07203.16167,228.2,13/08/18,19:10:18
22.3,300.4,724.3,0.9,12.0000,0.0,-5016.95359,-07203.14797,228.0,13/08/18,19:10:28
26.1,300.4,717.7,0.9,12.0000,0.0,-5016.95306,-07203.13543,227.7,13/08/18,19:10:38
23.9,300.4,725.4,0.9,12.0000,0.0,-5016.95238,-07203.12124,227.6,13/08/18,19:10:48
31,300.4,720.2,0.9,12.0000,0.0,-5016.95201,-07203.10739,227.4,13/08/18,19:10:58
24.1,300.4,722.0,0.9,12.0000,0.0,-5016.95163,-07203.09382,227.8,13/08/18,19:11:08
30.7,300.4,716.9,0.9,12.0000,0.0,-5016.95081,-07203.07995,227.6,13/08/18,19:11:18
22.3,300.4,720.8,0.9,12.0000,0.0,-5016.94981,-07203.06235,227.3,13/08/18,19:11:28
27.3,300.4,716.7,0.9,12.0000,0.0,-5016.94850,-07203.04534,226.7,13/08/18,19:11:38
21.1,300.4,720.4,0.9,12.0000,0.0,-5016.94745,-07203.02821,226.8,13/08/18,19:11:48
28.3,300.4,716.1,0.9,12.0000,0.0,-5016.94638,-07203.01053,226.8,13/08/18,19:11:58
23.3,300.4,716.2,0.9,12.0000,0.0,-5016.94546,-07202.99462,227.3,13/08/18,19:12:08
30.2,300.4,724.1,0.9,12.0000,0.0,-5016.94452,-07202.97664,227.1,13/08/18,19:12:18
22.9,300.4,717.1,0.9,12.1000,0.0,-5016.94352,-07202.95841,226.5,13/08/18,19:12:28
26.5,300.4,722.5,0.9,12.1000,0.0,-5016.94217,-07202.93949,226.3,13/08/18,19:12:38
23.9,300.4,724.4,0.9,12.2000,0.0,-5016.94080,-07202.92088,226.2,13/08/18,19:12:48
30.9,300.4,724.2,0.9,12.1000,0.0,-5016.93968,-07202.90071,226.2,13/08/18,19:12:58
24.4,300.4,725.1,0.9,12.1000,0.0,-5016.93812,-07202.88434,226.1,13/08/18,19:13:08
34.1,300.4,724.2,0.9,12.1000,0.0,-5016.93718,-07202.87093,226.3,13/08/18,19:13:18
28.8,300.4,723.6,0.9,12.2000,0.0,-5016.93695,-07202.86567,226.4,13/08/18,19:13:28
31.7,300.4,722.5,0.9,12.2000,0.0,-5016.93826,-07202.85519,225.9,13/08/18,19:13:38
31.3,300.4,716.6,0.9,12.1000,0.0,-5016.94253,-07202.84989,226.0,13/08/18,19:13:48
35.2,300.4,715.2,0.9,12.2000,0.0,-5016.94743,-07202.84877,225.8,13/08/18,19:13:58
20.5,300.4,723.8,0.9,12.2000,0.0,-5016.95515,-07202.84869,225.8,13/08/18,19:14:08
29,300.4,723.0,0.9,12.2000,0.0,-5016.96277,-07202.84803,225.5,13/08/18,19:14:18
21.2,300.4,724.2,0.9,12.2000,0.0,-5016.97049,-07202.84708,226.5,13/08/18,19:14:28
30.2,300.4,718.7,0.9,12.1000,0.0,-5016.97844,-07202.84588,226.0,13/08/18,19:14:38
23.6,300.4,716.1,0.9,12.1000,0.0,-5016.98353,-07202.84523,226.2,13/08/18,19:14:48
32.2,300.4,715.8,0.9,12.2000,0.0,-5016.98918,-07202.84497,225.8,13/08/18,19:14:58
25.6,300.4,715.5,0.9,12.2000,0.0,-5016.99506,-07202.84395,226.0,13/08/18,19:15:08
34.3,300.4,716.5,0.9,12.1000,0.0,-5016.99623,-07202.84387,226.4,13/08/18,19:15:18
25,300.4,723.2,0.9,12.1000,0.0,-5016.99619,-07202.84394,226.2,13/08/18,19:15:28
32.2,300.4,719.5,0.9,12.1000,0.0,-5016.99632,-07202.84384,226.4,13/08/18,19:15:38
25.6,300.4,720.6,0.9,12.2000,0.0,-5016.99656,-07202.84361,226.3,13/08/18,19:15:48
34.1,300.4,719.7,0.9,12.2000,0.0,-5016.99653,-07202.84359,225.6,13/08/18,19:15:58
30.5,300.4,718.7,0.9,12.2000,0.0,-5016.99640,-07202.84372,226.2,13/08/18,19:16:08
27.2,300.4,721.3,0.9,12.2000,0.0,-5016.99628,-07202.84355,226.1,13/08/18,19:16:18
26.8,300.4,715.4,0.9,12.2000,0.0,-5016.99612,-07202.84385,226.4,13/08/18,19:16:28
31.4,300.4,723.3,0.9,12.1000,0.0,-5016.99597,-07202.84407,225.7,13/08/18,19:16:38
31.1,300.4,723.6,0.9,12.2000,0.0,-5016.99601,-07202.84396,226.0,13/08/18,19:16:48
33.1,300.4,722.6,0.9,12.2000,0.0,-5016.99552,-07202.84409,225.2,13/08/18,19:16:58
26.7,300.4,717.9,0.9,12.2000,0.0,-5016.99500,-07202.84396,225.8,13/08/18,19:17:08
34,300.4,720.4,0.9,12.2000,0.0,-5016.99443,-07202.84369,225.8,13/08/18,19:17:18
26.6,300.4,715.6,0.9,12.2000,0.0,-5016.99475,-07202.84354,225.6,13/08/18,19:17:28
29.5,300.4,725.4,0.9,12.1000,0.0,-5016.99528,-07202.84330,225.9,13/08/18,19:17:38
27.5,300.4,717.3,0.9,12.2000,0.0,-5016.99564,-07202.84306,225.6,13/08/18,19:17:48
34.4,300.4,723.1,0.9,12.2000,0.0,-5016.99595,-07202.84302,225.8,13/08/18,19:17:58
25.9,300.4,724.4,0.9,12.2000,0.0,-5016.99607,-07202.84253,225.5,13/08/18,19:18:08
32.6,300.4,724.1,0.9,12.2000,0.0,-5016.99508,-07202.84290,226.0,13/08/18,19:18:18
21.5,300.4,724.0,0.9,12.1000,0.0,-5016.99487,-07202.84322,225.5,13/08/18,19:18:28
25.3,300.4,716.5,0.9,12.2000,0.0,-5016.99552,-07202.84325,225.1,13/08/18,19:18:38
24.3,300.4,723.9,0.9,12.2000,0.0,-5016.99623,-07202.84362,225.3,13/08/18,19:18:48
34.7,300.4,715.8,0.9,12.2000,0.0,-5016.99629,-07202.84406,225.0,13/08/18,19:18:58
24.9,300.4,724.7,0.9,12.1000,0.0,-5016.99690,-07202.84445,225.0,13/08/18,19:19:08
33,300.4,723.9,0.9,12.2000,0.0,-5016.99734,-07202.84426,224.9,13/08/18,19:19:18
24.2,300.4,716.9,0.9,12.2000,0.0,-5016.99726,-07202.84426,224.3,13/08/18,19:19:28
30.3,300.4,716.8,0.9,12.2000,0.0,-5016.99665,-07202.84466,225.5,13/08/18,19:19:38
23.9,300.4,715.8,0.9,12.2000,0.0,-5016.99574,-07202.84533,225.6,13/08/18,19:19:48
35.2,300.4,717.3,0.9,12.2000,0.0,-5016.99537,-07202.84519,225.3,13/08/18,19:19:58
31,300.4,724.4,0.9,12.2000,0.0,-5016.99587,-07202.84516,224.9,13/08/18,19:20:08
33.8,300.4,724.6,0.9,12.2000,0.0,-5016.99665,-07202.84527,225.5,13/08/18,19:20:18
24.7,300.4,724.6,0.9,12.2000,0.0,-5016.99713,-07202.84515,225.3,13/08/18,19:20:28
31,300.4,720.4,0.9,12.1000,0.0,-5016.99654,-07202.84532,225.4,13/08/18,19:20:38
24.6,300.3,719.0,0.9,12.1000,0.0,-5016.99632,-07202.84518,225.3,13/08/18,19:20:48
32.1,300.3,721.7,0.9,12.2000,0.0,-5016.99610,-07202.84440,224.9,13/08/18,19:20:58
22.9,300.3,721.7,0.9,12.2000,0.0,-5016.99652,-07202.84340,225.4,13/08/18,19:21:08
32.3,300.4,724.9,0.9,12.2000,0.0,-5016.99675,-07202.84289,225.1,13/08/18,19:21:18
23.2,300.4,718.1,0.9,12.1000,0.0,-5016.99654,-07202.84305,224.9,13/08/18,19:21:28
29.9,300.3,723.6,0.9,12.2000,0.0,-5016.99614,-07202.84288,225.0,13/08/18,19:21:38
23.3,300.4,718.0,0.9,12.2000,0.0,-5016.99546,-07202.84333,224.9,13/08/18,19:21:48
32.2,300.4,725.2,0.9,12.2000,0.0,-5016.99529,-07202.84422,224.6,13/08/18,19:21:58
23.4,300.3,724.1,0.9,12.2000,0.0,-5016.99537,-07202.84413,224.7,13/08/18,19:22:08
32.4,300.4,717.9,0.9,12.2000,0.0,-5016.99557,-07202.84369,225.1,13/08/18,19:22:18
28.4,300.3,715.4,0.9,12.3000,0.0,-5016.99592,-07202.84317,224.5,13/08/18,19:22:28
28.3,300.3,718.6,0.9,12.2000,0.0,-5016.99600,-07202.84271,225.1,13/08/18,19:22:38
25.6,300.3,716.4,0.9,12.3000,0.0,-5016.99640,-07202.84246,224.9,13/08/18,19:22:48
32.2,300.3,721.7,0.9,12.3000,0.0,-5016.99650,-07202.84227,224.7,13/08/18,19:22:58
23.1,300.3,724.3,0.9,12.3000,0.0,-5016.99659,-07202.84241,224.5,13/08/18,19:23:08
32.3,300.3,724.3,0.9,12.3000,0.0,-5016.99640,-07202.84284,224.4,13/08/18,19:23:18
21.7,300.3,723.5,0.9,12.3000,0.0,-5016.99671,-07202.84297,224.7,13/08/18,19:23:28
25,300.3,717.6,0.9,12.2000,0.0,-5016.99691,-07202.84315,223.9,13/08/18,19:23:38
23,300.3,715.8,0.9,12.2000,0.0,-5016.99636,-07202.84359,224.6,13/08/18,19:23:48
30.9,300.3,719.6,0.9,12.3000,0.0,-5016.99652,-07202.84375,224.4,13/08/18,19:23:58
22.3,300.3,722.9,0.9,12.3000,0.0,-5016.99706,-07202.84364,223.9,13/08/18,19:24:08
31.1,300.3,720.7,0.9,12.3000,0.0,-5016.99774,-07202.84350,224.4,13/08/18,19:24:18
22.5,300.3,722.8,0.9,12.3000,0.0,-5016.99770,-07202.84314,224.2,13/08/18,19:24:28
29.1,300.3,717.2,0.9,12.2000,0.0,-5016.99756,-07202.84291,224.4,13/08/18,19:24:38
24.8,300.3,715.8,0.9,12.3000,0.0,-5016.99773,-07202.84290,224.3,13/08/18,19:24:48
32.2,300.3,720.3,0.9,12.3000,0.0,-5016.99793,-07202.84303,224.3,13/08/18,19:24:58
25.9,300.3,724.6,0.9,12.2000,0.0,-5016.99795,-07202.84312,224.4,13/08/18,19:25:08
25,300.3,716.5,0.9,12.3000,0.0,-5016.99772,-07202.84308,224.3,13/08/18,19:25:18
25.4,300.3,719.4,0.9,12.3000,0.0,-5016.99746,-07202.84281,224.4,13/08/18,19:25:28
29.5,300.3,724.0,0.9,12.2000,0.0,-5016.99744,-07202.84281,223.9,13/08/18,19:25:38
30.6,300.3,716.9,0.9,12.3000,0.0,-5016.99724,-07202.84304,224.3,13/08/18,19:25:48
31.1,300.3,716.4,0.9,12.3000,0.0,-5016.99719,-07202.84334,224.4,13/08/18,19:25:58
23.2,300.3,724.6,0.9,12.3000,0.0,-5016.99734,-07202.84315,224.8,13/08/18,19:26:08
32,300.3,724.3,0.9,12.3000,0.0,-5016.99734,-07202.84272,224.1,13/08/18,19:26:18
18.3,300.3,716.0,0.9,12.3000,0.0,-5016.99702,-07202.84283,223.9,13/08/18,19:26:28
12.8,300.3,718.5,0.9,12.2000,0.0,-5016.99710,-07202.84265,224.5,13/08/18,19:26:38
20.3,300.3,716.5,0.9,12.3000,0.0,-5016.99666,-07202.84301,224.5,13/08/18,19:26:48
29.7,300.3,722.7,0.9,12.3000,0.0,-5016.99673,-07202.84292,224.1,13/08/18,19:26:58
21.6,300.3,722.9,0.9,12.3000,0.0,-5016.99680,-07202.84343,224.5,13/08/18,19:27:08
32.7,300.3,719.1,0.9,12.3000,0.0,-5016.99729,-07202.84314,224.5,13/08/18,19:27:18
23.7,300.3,722.1,0.9,12.2000,0.0,-5016.99746,-07202.84319,224.7,13/08/18,19:27:28
27.2,300.3,723.8,0.9,12.2000,0.0,-5016.99729,-07202.84296,224.4,13/08/18,19:27:38
33.5,300.3,724.5,0.9,12.3000,0.0,-5016.99759,-07202.84280,224.4,13/08/18,19:27:48
34.6,300.3,724.5,0.9,12.3000,0.0,-5016.99771,-07202.84290,224.4,13/08/18,19:27:58
30.5,300.3,716.8,0.9,12.3000,0.0,-5016.99764,-07202.84294,224.4,13/08/18,19:28:08
36.7,300.3,720.6,0.9,12.3000,0.0,-5016.99777,-07202.84280,224.4,13/08/18,19:28:18
28.6,300.3,724.9,0.9,12.3000,0.0,-5016.99788,-07202.84280,224.4,13/08/18,19:28:28
24,300.3,724.1,0.9,12.2000,0.0,-5016.99779,-07202.84274,223.9,13/08/18,19:28:38
23.6,300.3,721.7,0.9,12.3000,0.0,-5016.99750,-07202.84300,223.9,13/08/18,19:28:48
33.3,300.3,717.5,0.9,12.3000,0.0,-5016.99739,-07202.84273,223.9,13/08/18,19:28:58
22.6,300.3,717.9,0.9,12.3000,0.0,-5016.99757,-07202.84264,224.0,13/08/18,19:29:08
32.2,300.3,725.4,0.9,12.3000,0.0,-5016.99783,-07202.84263,224.2,13/08/18,19:29:18
26.9,300.3,724.1,0.9,12.3000,0.0,-5016.99792,-07202.84283,223.9,13/08/18,19:29:28
27.5,300.3,723.1,0.9,12.2000,0.0,-5016.99805,-07202.84287,223.6,13/08/18,19:29:38
23.4,300.3,717.6,0.9,12.3000,0.0,-5016.99763,-07202.84300,223.7,13/08/18,19:29:48
32.6,300.3,725.7,0.9,12.3000,0.0,-5016.99709,-07202.84314,224.2,13/08/18,19:29:58
23.5,300.3,724.4,0.9,12.3000,0.0,-5016.99677,-07202.84320,224.0,13/08/18,19:30:08
32.1,300.3,715.6,0.9,12.3000,0.0,-5016.99671,-07202.84340,224.0,13/08/18,19:30:18
22.9,300.3,724.3,0.9,12.2000,0.0,-5016.99705,-07202.84327,224.1,13/08/18,19:30:28
31.6,300.3,722.9,0.9,12.2000,0.0,-5016.99742,-07202.84316,224.2,13/08/18,19:30:38
25.7,300.3,723.7,0.9,12.3000,0.0,-5016.99844,-07202.84322,224.1,13/08/18,19:30:48
33.5,300.3,717.0,0.9,12.3000,0.0,-5017.00098,-07202.84024,223.9,13/08/18,19:30:58
25.1,300.3,715.8,0.9,12.3000,0.0,-5017.00250,-07202.83820,223.5,13/08/18,19:31:08
34.9,300.3,720.1,0.9,12.3000,0.0,-5017.00378,-07202.83973,223.3,13/08/18,19:31:18
26.6,300.3,716.7,0.9,12.3000,0.0,-5017.00681,-07202.84420,223.0,13/08/18,19:31:28
27.5,300.3,723.5,0.9,12.2000,0.0,-5017.00920,-07202.84742,221.2,13/08/18,19:31:38
17.3,300.3,718.4,0.9,12.3000,0.0,-5017.00942,-07202.84732,222.0,13/08/18,19:31:48
24.5,300.3,716.1,0.9,12.3000,0.0,-5017.00791,-07202.84732,223.3,13/08/18,19:31:58
15,300.3,724.4,0.9,12.3000,0.0,-5017.00733,-07202.84603,222.9,13/08/18,19:32:08
26.6,300.3,718.9,0.9,12.3000,0.0,-5017.00791,-07202.84331,223.0,13/08/18,19:32:18
16,300.3,724.8,0.9,12.3000,0.0,-5017.00860,-07202.84255,222.8,13/08/18,19:32:28
10.8,300.3,724.5,0.9,12.2000,0.0,-5017.00464,-07202.84260,222.5,13/08/18,19:32:38
10.8,300.3,717.8,0.9,12.3000,0.0,-5017.00442,-07202.83878,222.3,13/08/18,19:32:48
17.3,300.3,724.0,0.9,12.3000,0.0,-5017.00401,-07202.83747,223.0,13/08/18,19:32:58
7.8,300.3,717.5,0.9,12.3000,0.0,-5017.00431,-07202.83702,222.9,13/08/18,19:33:08
13.5,300.3,725.1,0.9,12.3000,0.0,-5017.00500,-07202.83308,222.6,13/08/18,19:33:18
2.9,300.3,716.6,0.9,12.3000,0.0,-5017.00717,-07202.82929,222.6,13/08/18,19:33:28
7,300.2,723.2,0.9,12.2000,0.0,-5017.00712,-07202.83012,222.8,13/08/18,19:33:38
16.3,300.2,716.6,0.9,12.3000,0.0,-5017.00640,-07202.84128,222.5,13/08/18,19:33:48
13.6,300.2,722.1,0.9,12.3000,0.0,-5017.00812,-07202.85418,222.8,13/08/18,19:33:58
5.8,300.2,723.7,0.9,12.2000,0.0,-5017.00907,-07202.86322,223.0,13/08/18,19:34:08
15.8,300.3,724.5,0.9,12.3000,0.0,-5017.00927,-07202.86293,222.8,13/08/18,19:34:18
3.6,300.3,723.2,0.9,12.3000,0.0,-5017.01015,-07202.86131,222.8,13/08/18,19:34:28
6.9,300.2,715.0,0.9,12.2000,0.0,-5017.01159,-07202.86071,222.7,13/08/18,19:34:38
3.6,300.2,723.8,0.9,12.3000,0.0,-5017.01144,-07202.86078,222.4,13/08/18,19:34:48
11.5,300.3,724.2,0.9,12.3000,0.0,-5017.00851,-07202.85751,222.3,13/08/18,19:34:58
5.1,300.2,723.5,0.9,12.3000,0.0,-5017.00966,-07202.85574,222.3,13/08/18,19:35:08
15.9,300.2,724.1,0.9,12.3000,0.0,-5017.00980,-07202.85566,222.8,13/08/18,19:35:18
4.6,300.2,724.6,0.9,12.2000,0.0,-5017.00914,-07202.85469,222.7,13/08/18,19:35:28
6.7,300.2,717.9,0.9,12.2000,0.0,-5017.00710,-07202.85403,222.5,13/08/18,19:35:38
13.8,300.2,715.8,0.9,12.3000,0.0,-5017.00630,-07202.85180,222.5,13/08/18,19:35:48
12.8,300.2,715.9,0.9,12.3000,0.0,-5017.00642,-07202.84989,222.6,13/08/18,19:35:58
2,300.2,721.0,0.9,12.2000,0.0,-5017.00590,-07202.84527,222.1,13/08/18,19:36:08
2.9,300.2,721.5,0.9,12.3000,0.0,-5017.00580,-07202.84456,222.0,13/08/18,19:36:18
2,300.2,724.1,0.9,12.3000,0.0,-5017.00581,-07202.84443,222.5,13/08/18,19:36:28
8.6,300.2,717.2,0.9,12.2000,0.0,-5017.00844,-07202.84338,222.0,13/08/18,19:36:38
7,300.2,721.4,0.9,12.3000,0.0,-5017.01147,-07202.82627,222.2,13/08/18,19:36:48
14.1,300.2,719.0,0.9,12.4000,0.0,-5017.01173,-07202.82423,222.3,13/08/18,19:36:58
9.4,300.2,717.6,0.9,12.4000,0.0,-5017.01168,-07202.82361,221.8,13/08/18,19:37:08
15.7,300.2,724.4,0.9,12.4000,0.0,-5017.01183,-07202.82548,222.1,13/08/18,19:37:18
10.4,300.2,719.6,0.9,12.4000,0.0,-5017.01147,-07202.82350,222.2,13/08/18,19:37:28
8.5,300.2,722.6,0.9,12.4000,0.0,-5017.01049,-07202.82301,222.3,13/08/18,19:37:38
6.3,300.2,719.6,0.9,12.4000,0.0,-5017.01033,-07202.82317,221.9,13/08/18,19:37:48
5.8,300.2,724.2,0.9,12.4000,0.0,-5017.01012,-07202.82562,222.2,13/08/18,19:37:58
3.4,300.2,724.9,0.9,12.4000,0.0,-5017.01044,-07202.82504,222.0,13/08/18,19:38:08
3.9,300.2,719.4,0.9,12.4000,0.0,-5017.01255,-07202.82280,222.0,13/08/18,19:38:18
4.5,300.2,717.0,0.9,12.4000,0.0,-5017.01436,-07202.82062,222.2,13/08/18,19:38:28
6.7,300.2,721.7,0.9,12.4000,0.0,-5017.01471,-07202.81910,222.0,13/08/18,19:38:38
6.5,300.2,725.0,0.9,12.4000,0.0,-5017.01198,-07202.81616,222.1,13/08/18,19:38:48
7,300.2,724.6,0.9,12.4000,0.0,-5017.00937,-07202.81446,221.8,13/08/18,19:38:58
5.9,300.2,718.4,0.9,12.4000,0.0,-5017.00843,-07202.81283,221.9,13/08/18,19:39:08
5.4,300.2,717.3,0.9,12.4000,0.0,-5017.00809,-07202.81254,222.3,13/08/18,19:39:18
2.9,300.2,719.9,0.9,12.4000,0.0,-5017.00792,-07202.81735,222.1,13/08/18,19:39:28
